Start Date,1/1/1989,,,,,,,,,,,,,,,,,,,,,,,,,,,,,,
End Date,12/31/2018,,,,,,,,,,,,,,,,,,,,,,,,,,,,,,
,,,,,,,,,,,,,,,,,,,,,,,,,,,,,,,
,AAPL UW Equity,AXP UN Equity,BA UN Equity,CAT UN Equity,CSCO UW Equity,CVX UN Equity,DIS UN Equity,DWDP UN Equity,GS UN Equity,HD UN Equity,IBM UN Equity,INTC UW Equity,JNJ UN Equity,JPM UN Equity,KO UN Equity,MCD UN Equity,MMM UN Equity,MRK UN Equity,MSFT UW Equity,NKE UN Equity,PFE UN Equity,PG UN Equity,TRV UN Equity,UNH UN Equity,UTX UN Equity,V UN Equity,VZ UN Equity,WBA UW Equity,WMT UN Equity,XOM UN Equity,INDU Index
,Price Earnings Ratio (P/E),Price Earnings Ratio (P/E),Price Earnings Ratio (P/E),Price Earnings Ratio (P/E),Price Earnings Ratio (P/E),Price Earnings Ratio (P/E),Price Earnings Ratio (P/E),Price Earnings Ratio (P/E),Price Earnings Ratio (P/E),Price Earnings Ratio (P/E),Price Earnings Ratio (P/E),Price Earnings Ratio (P/E),Price Earnings Ratio (P/E),Price Earnings Ratio (P/E),Price Earnings Ratio (P/E),Price Earnings Ratio (P/E),Price Earnings Ratio (P/E),Price Earnings Ratio (P/E),Price Earnings Ratio (P/E),Price Earnings Ratio (P/E),Price Earnings Ratio (P/E),Price Earnings Ratio (P/E),Price Earnings Ratio (P/E),Price Earnings Ratio (P/E),Price Earnings Ratio (P/E),Price Earnings Ratio (P/E),Price Earnings Ratio (P/E),Price Earnings Ratio (P/E),Price Earnings Ratio (P/E),Price Earnings Ratio (P/E),Price Earnings Ratio (P/E)
Dates,PE_RATIO,PE_RATIO,PE_RATIO,PE_RATIO,PE_RATIO,PE_RATIO,PE_RATIO,PE_RATIO,PE_RATIO,PE_RATIO,PE_RATIO,PE_RATIO,PE_RATIO,PE_RATIO,PE_RATIO,PE_RATIO,PE_RATIO,PE_RATIO,PE_RATIO,PE_RATIO,PE_RATIO,PE_RATIO,PE_RATIO,PE_RATIO,PE_RATIO,PE_RATIO,PE_RATIO,PE_RATIO,PE_RATIO,PE_RATIO,PE_RATIO
1/31/1989,#N/A N/A,#N/A N/A,15.7649,10.1768,#N/A N/A,#N/A N/A,#N/A N/A,#N/A N/A,#N/A N/A,#N/A N/A,12.6694,10.3586,15.9965,#N/A N/A,15.7828,#N/A N/A,#N/A N/A,#N/A N/A,22.0018,#N/A N/A,#N/A N/A,#N/A N/A,7.4575,#N/A N/A,#N/A N/A,#N/A N/A,#N/A N/A,#N/A N/A,#N/A N/A,11.7405,#N/A N/A
2/28/1989,#N/A N/A,#N/A N/A,15.3918,9.6628,#N/A N/A,#N/A N/A,#N/A N/A,#N/A N/A,#N/A N/A,#N/A N/A,11.7619,10.259,15.0568,#N/A N/A,16.1195,#N/A N/A,#N/A N/A,#N/A N/A,21.9557,#N/A N/A,#N/A N/A,#N/A N/A,7.3416,#N/A N/A,#N/A N/A,#N/A N/A,#N/A N/A,#N/A N/A,#N/A N/A,11.1076,#N/A N/A
3/31/1989,#N/A N/A,#N/A N/A,16.3082,9.0531,#N/A N/A,#N/A N/A,#N/A N/A,#N/A N/A,#N/A N/A,#N/A N/A,11.7347,10.5422,15.125,#N/A N/A,17.198,#N/A N/A,#N/A N/A,#N/A N/A,18.0505,#N/A N/A,#N/A N/A,#N/A N/A,7.2932,#N/A N/A,#N/A N/A,#N/A N/A,#N/A N/A,#N/A N/A,#N/A N/A,10.2035,#N/A N/A
4/28/1989,#N/A N/A,#N/A N/A,18.1004,9.588,#N/A N/A,#N/A N/A,#N/A N/A,#N/A N/A,#N/A N/A,#N/A N/A,12.2449,11.6466,16.0417,#N/A N/A,18.2047,#N/A N/A,#N/A N/A,#N/A N/A,20.2166,#N/A N/A,#N/A N/A,#N/A N/A,7.594,#N/A N/A,#N/A N/A,#N/A N/A,#N/A N/A,#N/A N/A,#N/A N/A,10.0581,#N/A N/A
5/31/1989,#N/A N/A,#N/A N/A,19.2055,10.103,#N/A N/A,#N/A N/A,#N/A N/A,#N/A N/A,#N/A N/A,#N/A N/A,11.775,13.1526,16.4583,#N/A N/A,19.3792,#N/A N/A,#N/A N/A,#N/A N/A,21.8412,#N/A N/A,#N/A N/A,#N/A N/A,7.594,#N/A N/A,#N/A N/A,#N/A N/A,#N/A N/A,#N/A N/A,#N/A N/A,10.0291,#N/A N/A
6/30/1989,#N/A N/A,#N/A N/A,16.3265,9.2652,#N/A N/A,#N/A N/A,#N/A N/A,#N/A N/A,#N/A N/A,#N/A N/A,11.1987,12.6638,15.4435,#N/A N/A,17.9538,#N/A N/A,#N/A N/A,#N/A N/A,17.5743,#N/A N/A,#N/A N/A,#N/A N/A,7.4859,#N/A N/A,#N/A N/A,#N/A N/A,#N/A N/A,#N/A N/A,#N/A N/A,12.5712,#N/A N/A
7/31/1989,#N/A N/A,#N/A N/A,17.8146,9.4848,#N/A N/A,#N/A N/A,#N/A N/A,#N/A N/A,#N/A N/A,#N/A N/A,11.524,13.2096,17.2177,#N/A N/A,21.5764,#N/A N/A,#N/A N/A,#N/A N/A,17.8218,#N/A N/A,#N/A N/A,#N/A N/A,8.404,#N/A N/A,#N/A N/A,#N/A N/A,#N/A N/A,#N/A N/A,#N/A N/A,13.0698,#N/A N/A
8/31/1989,#N/A N/A,#N/A N/A,18.6224,10.2835,#N/A N/A,#N/A N/A,#N/A N/A,#N/A N/A,#N/A N/A,#N/A N/A,11.7242,13.2096,16.8952,#N/A N/A,21.1783,#N/A N/A,#N/A N/A,#N/A N/A,19.637,#N/A N/A,#N/A N/A,#N/A N/A,8.4393,#N/A N/A,#N/A N/A,#N/A N/A,#N/A N/A,#N/A N/A,#N/A N/A,12.5,#N/A N/A
9/29/1989,#N/A N/A,#N/A N/A,16.9643,11.1722,#N/A N/A,#N/A N/A,#N/A N/A,#N/A N/A,#N/A N/A,#N/A N/A,11.609,17.0635,17.163,#N/A N/A,20.0373,#N/A N/A,#N/A N/A,#N/A N/A,21.0769,#N/A N/A,#N/A N/A,#N/A N/A,9.2271,#N/A N/A,#N/A N/A,#N/A N/A,#N/A N/A,#N/A N/A,#N/A N/A,13.0466,#N/A N/A
10/31/1989,#N/A N/A,#N/A N/A,16.7411,10.4853,#N/A N/A,#N/A N/A,#N/A N/A,#N/A N/A,#N/A N/A,#N/A N/A,10.6782,17.8571,17.3589,#N/A N/A,21.6045,#N/A N/A,#N/A N/A,#N/A N/A,25.1538,#N/A N/A,#N/A N/A,#N/A N/A,9.3849,#N/A N/A,#N/A N/A,#N/A N/A,#N/A N/A,#N/A N/A,#N/A N/A,13.4111,#N/A N/A
11/30/1989,#N/A N/A,#N/A N/A,17.8571,10.7372,#N/A N/A,#N/A N/A,#N/A N/A,#N/A N/A,#N/A N/A,#N/A N/A,10.3723,18.3862,17.7116,#N/A N/A,23.0597,#N/A N/A,#N/A N/A,#N/A N/A,26.7692,#N/A N/A,#N/A N/A,#N/A N/A,9.8186,#N/A N/A,#N/A N/A,#N/A N/A,#N/A N/A,#N/A N/A,#N/A N/A,13.7755,#N/A N/A
12/29/1989,#N/A N/A,#N/A N/A,20.1531,11.8112,#N/A N/A,#N/A N/A,#N/A N/A,#N/A N/A,#N/A N/A,#N/A N/A,14.5866,16.6667,18.2692,#N/A N/A,22.7876,#N/A N/A,#N/A N/A,#N/A N/A,23.8356,#N/A N/A,#N/A N/A,#N/A N/A,8.8295,#N/A N/A,#N/A N/A,#N/A N/A,#N/A N/A,#N/A N/A,#N/A N/A,18.2938,#N/A N/A
1/31/1990,#N/A N/A,#N/A N/A,20.1531,11.301,#N/A N/A,#N/A N/A,#N/A N/A,#N/A N/A,#N/A N/A,24.678,15.2241,19.0821,16.1923,#N/A N/A,20.3171,#N/A N/A,#N/A N/A,#N/A N/A,25.3425,#N/A N/A,#N/A N/A,#N/A N/A,7.9512,#N/A N/A,#N/A N/A,#N/A N/A,#N/A N/A,#N/A N/A,22.4342,17.1533,#N/A N/A
2/28/1990,#N/A N/A,#N/A N/A,21.7262,12.3469,#N/A N/A,#N/A N/A,#N/A N/A,#N/A N/A,#N/A N/A,27.9274,16.0549,19.4444,16.5,#N/A N/A,20.7965,#N/A N/A,#N/A N/A,#N/A N/A,27.0548,#N/A N/A,#N/A N/A,#N/A N/A,8.9497,#N/A N/A,#N/A N/A,#N/A N/A,#N/A N/A,#N/A N/A,23.2237,17.1989,#N/A N/A
3/30/1990,#N/A N/A,#N/A N/A,20.2113,13.644,#N/A N/A,#N/A N/A,#N/A N/A,#N/A N/A,#N/A N/A,32.1429,15.9295,18.3114,18.5353,#N/A N/A,21.3825,#N/A N/A,#N/A N/A,#N/A N/A,26.6226,#N/A N/A,#N/A N/A,#N/A N/A,9.0046,#N/A N/A,#N/A N/A,#N/A N/A,#N/A N/A,#N/A N/A,24.8684,19.765,#N/A N/A
4/30/1990,#N/A N/A,#N/A N/A,19.6127,13.6998,#N/A N/A,#N/A N/A,#N/A N/A,#N/A N/A,#N/A N/A,29.7771,16.3418,17.3246,18.7005,#N/A N/A,21.8481,#N/A N/A,#N/A N/A,#N/A N/A,27.8846,#N/A N/A,#N/A N/A,#N/A N/A,8.6056,#N/A N/A,#N/A N/A,#N/A N/A,#N/A N/A,#N/A N/A,24.8125,19.3376,#N/A N/A
5/31/1990,#N/A N/A,#N/A N/A,23.2394,14.9554,#N/A N/A,#N/A N/A,#N/A N/A,#N/A N/A,#N/A N/A,38.535,17.9723,20.7237,21.0948,#N/A N/A,25.788,#N/A N/A,#N/A N/A,#N/A N/A,35.0962,#N/A N/A,#N/A N/A,#N/A N/A,8.8526,#N/A N/A,#N/A N/A,#N/A N/A,#N/A N/A,#N/A N/A,28.1875,20.5128,#N/A N/A
6/29/1990,#N/A N/A,#N/A N/A,20.0342,14.7535,#N/A N/A,#N/A N/A,#N/A N/A,#N/A N/A,#N/A N/A,36.7038,17.254,18.1467,21.146,#N/A N/A,23.7936,#N/A N/A,#N/A N/A,#N/A N/A,32.618,#N/A N/A,#N/A N/A,19.4064,7.9861,#N/A N/A,#N/A N/A,#N/A N/A,#N/A N/A,#N/A N/A,31.25,15.4435,#N/A N/A
7/31/1990,#N/A N/A,#N/A N/A,19.7774,13.7676,25.7576,#N/A N/A,#N/A N/A,#N/A N/A,#N/A N/A,29.1076,16.428,17.1815,22.0841,#N/A N/A,24.3298,#N/A N/A,#N/A N/A,#N/A N/A,28.5408,#N/A N/A,#N/A N/A,19.3229,8.4722,#N/A N/A,#N/A N/A,#N/A N/A,#N/A N/A,#N/A N/A,30.0239,16.7339,#N/A N/A
8/31/1990,#N/A N/A,#N/A N/A,16.5668,12.1127,25,#N/A N/A,#N/A N/A,#N/A N/A,#N/A N/A,28.789,14.9596,12.8861,20.5206,#N/A N/A,22.6542,#N/A N/A,#N/A N/A,#N/A N/A,26.3948,#N/A N/A,#N/A N/A,17.1511,7.7778,#N/A N/A,#N/A N/A,#N/A N/A,#N/A N/A,#N/A N/A,27.2727,16.129,#N/A N/A
9/28/1990,7.6923,#N/A N/A,12.5377,13.9901,22.7273,43.0233,14.8538,#N/A N/A,#N/A N/A,25.8144,14.7414,10.9375,18.9485,#N/A N/A,20.4134,#N/A N/A,12.622,#N/A N/A,24.1843,#N/A N/A,#N/A N/A,16.3068,5.8685,#N/A N/A,#N/A N/A,#N/A N/A,#N/A N/A,#N/A N/A,26.1962,15.8065,#N/A N/A
10/31/1990,8.1565,#N/A N/A,13.4413,13.4934,22.6923,39.7529,14.9153,#N/A N/A,#N/A N/A,23.252,14.5517,11.0197,19.2481,#N/A N/A,23.1266,#N/A N/A,12.9289,#N/A N/A,24.4722,7.7881,#N/A N/A,17.5934,6.0299,#N/A N/A,#N/A N/A,#N/A N/A,#N/A N/A,#N/A N/A,24.5413,15.8468,#N/A N/A
11/30/1990,9.748,#N/A N/A,13.3283,13.6589,30.3846,40.625,16.3495,#N/A N/A,#N/A N/A,28.2982,15.6552,12.3355,20.8957,#N/A N/A,23.9018,#N/A N/A,13.2971,#N/A N/A,27.7351,8.9803,#N/A N/A,18.5444,7.3944,#N/A N/A,#N/A N/A,#N/A N/A,#N/A N/A,#N/A N/A,27.6376,16.371,#N/A N/A
12/31/1990,10.5134,25.6618,11.3684,22.5962,34.5192,11.9057,16.6016,#N/A N/A,#N/A N/A,30.7718,10.7517,12.0313,20.9306,#N/A N/A,22.7328,13.2386,13.9623,18.6541,26.0381,10.5921,16.9811,17.8645,7.2711,#N/A N/A,8.1007,#N/A N/A,17.5425,#N/A N/A,27.7523,13.0682,#N/A N/A
1/31/1991,13.5697,28.4444,12.2716,23.9183,33.6207,11.7008,17.6635,#N/A N/A,#N/A N/A,34.5317,12.0718,14.2969,22.3162,#N/A N/A,23.8971,12.9545,13.8198,18.9914,33.9533,12.5658,18.8417,16.3436,7.387,#N/A N/A,8.0372,#N/A N/A,15.866,#N/A N/A,29.0749,12.9419,#N/A N/A
2/28/1991,13.9976,29.8357,11.9913,26.262,32.1839,12.3361,20.1752,#N/A N/A,#N/A N/A,36.1111,12.274,14.9219,23.9571,#N/A N/A,25.6127,14.4318,14.4101,21.1967,35.8997,12.3556,22.0126,16.756,7.6767,#N/A N/A,8.4179,#N/A N/A,16.0295,#N/A N/A,31.1674,13.9205,#N/A N/A
3/29/1991,16.5049,9.5845,11.6337,60.6013,28.0172,12.1855,20.6213,#N/A N/A,#N/A N/A,40,11.8149,13.6696,24.2722,#N/A N/A,25.7109,15.583,14.7597,20.8894,32.6538,11.8421,22.0619,17.4831,7.719,#N/A N/A,9.4912,#N/A N/A,16.9301,#N/A N/A,34.2511,12.4207,#N/A N/A
4/30/1991,13.3495,8.5844,11.2933,60.2848,26.8018,12.1462,19.9288,#N/A N/A,#N/A N/A,42.5926,10.6256,14.4006,23.9241,#N/A N/A,25,14.9664,14.8639,21.3349,30.4615,12.1951,22.4742,17.2263,7.816,#N/A N/A,9.002,#N/A N/A,16.4769,#N/A N/A,34.6154,12.6057,#N/A N/A
5/31/1991,11.4078,8.5427,12.1597,65.5063,29.0541,11.6156,20.0803,#N/A N/A,#N/A N/A,45.431,11.0005,16.3012,22.9114,#N/A N/A,27.1327,15.6951,15.8855,23.5377,33.7692,10.5438,24.2784,17.4831,7.1785,#N/A N/A,9.1732,#N/A N/A,15.5295,#N/A N/A,36.6453,12.3414,#N/A N/A
6/28/1991,15.2574,8.2153,10.7901,290.4411,27.4775,12.5222,21.198,#N/A N/A,#N/A N/A,46.681,13.0544,12.6359,20.3163,#N/A N/A,24.5495,14.4824,16.1172,21.8939,27.6556,9.5822,22.1557,15.733,6.9955,#N/A N/A,11.8333,#N/A N/A,16.4795,#N/A N/A,36.5385,12.2637,#N/A N/A
7/31/1991,17.0037,9.265,10.9375,288.9705,28.442,12.8336,22.9566,#N/A N/A,#N/A N/A,50.1724,13.6089,12.7717,22.2932,#N/A N/A,27.0833,14.4273,15.1059,24.2742,29.8376,11.5716,24.7006,16.4193,6.9119,#N/A N/A,12.4333,#N/A N/A,16.6975,#N/A N/A,38.7195,12.4737,#N/A N/A
8/30/1991,19.4853,9.6758,11.7335,279.4117,32.8804,12.7669,22.5763,#N/A N/A,#N/A N/A,51.4729,13.0208,13.4511,22.5973,#N/A N/A,29.6171,14.3722,14.9552,23.9207,34.6076,12.5947,26.1477,16.9784,7.1628,#N/A N/A,12.7667,#N/A N/A,17.395,#N/A N/A,41.1585,12.2374,#N/A N/A
9/30/1991,19.186,13.9349,11.7749,263.9705,29.7101,13.6617,23.5323,#N/A N/A,#N/A N/A,51.9506,17.8664,11.0892,20.7453,#N/A N/A,27.6824,15.1515,16.0013,23.414,32.4818,13.6048,25.1448,17.4317,6.8207,#N/A N/A,16.3636,#N/A N/A,16.7146,#N/A N/A,38.8211,12.4217,#N/A N/A
10/31/1991,19.9612,10.3322,11.4559,263.9705,30.3738,13.8708,24.5128,#N/A N/A,#N/A N/A,53.8615,16.9397,10.6627,22.3298,#N/A N/A,28.5944,15.0433,16.1567,24.6511,34.2609,13.952,27.6544,17.175,7.1548,30.7692,17.6818,#N/A N/A,17.2657,#N/A N/A,35.9922,12.7349,#N/A N/A
11/29/1991,19.6705,10.3322,10.2668,263.9705,30.8411,12.4071,21.6229,#N/A N/A,#N/A N/A,53.9552,15.9483,10.7612,22.6232,#N/A N/A,29.7747,14.5563,15.4021,26.3605,35.4927,14.7556,25.5792,16.6359,7.4332,28.9063,17.3182,#N/A N/A,16.6687,#N/A N/A,38.035,12.239,#N/A N/A
12/31/1991,21.2406,9.8241,10.4715,263.9705,41.2773,18.6992,22.3276,#N/A N/A,#N/A N/A,60.3358,15.5819,12.5,26.082,#N/A N/A,33.0247,16.1017,17.4257,28.704,36.6758,18.0764,39.554,18.858,7.8025,31.3025,19.6364,#N/A N/A,13.4313,#N/A N/A,45.8171,13.6798,#N/A N/A
1/31/1992,24.3421,9.884,11.1568,263.9705,40.2406,17.2425,26.6176,#N/A N/A,#N/A N/A,50.9298,15.5819,15.3061,24.3736,#N/A N/A,31.893,18.4852,16.6482,27.0878,39.5604,18.4524,34.2723,20.8417,7.856,34.979,19.6364,#N/A N/A,12.8397,#N/A N/A,38.8989,13.0899,#N/A N/A
2/28/1992,25.3759,10.0637,10.0877,263.9705,43.5829,16.7005,29.9814,#N/A N/A,#N/A N/A,53.2025,15.5819,16.199,23.0638,#N/A N/A,33.642,17.161,16.6482,27.1525,40.7143,17.6329,34.9765,20.4148,7.7355,33.6134,19.6364,#N/A N/A,12.109,#N/A N/A,38.9892,12.8371,#N/A N/A
3/31/1992,21.7351,12.3519,8.9908,263.9705,42.246,20.7792,27.9643,#N/A N/A,#N/A N/A,53.6157,15.5819,14.4256,21.7149,#N/A N/A,32.185,16.5456,16.1444,24.5288,36.128,16.2742,31.3063,19.8659,7.1792,30.5985,19.6364,#N/A N/A,11.3756,#N/A N/A,38.4477,14.6696,#N/A N/A
4/30/1992,22.4347,12.1494,9.0164,263.9705,32.8829,22.6461,26.8808,#N/A N/A,#N/A N/A,51.5496,15.5819,13.9687,21.1303,#N/A N/A,32.6772,18.4129,17.054,24.1745,33.6128,15.1268,32.2072,20.0602,6.8228,29.5367,19.6364,#N/A N/A,12.198,#N/A N/A,35.6655,16.1097,#N/A N/A
5/29/1992,22.2948,12.2844,8.9908,263.9705,41.2162,23.1737,27.9413,#N/A N/A,#N/A N/A,54.7481,15.5819,13.0548,21.5757,#N/A N/A,34.6457,19.4502,17.3951,25.1332,36.8902,13.4884,33.5586,19.9631,7.3702,34.2664,19.6364,#N/A N/A,11.8211,#N/A N/A,36.1775,16.2437,#N/A N/A
6/30/1992,11.4558,11.7284,8.2557,263.9705,42.3423,23.0241,24.7105,#N/A N/A,#N/A N/A,51.938,575.7352,15.3485,19.3305,#N/A N/A,29.7575,18.6235,17.35,23.3339,29.1667,14.4477,31.0638,17.564,7.4743,29.5374,19.6364,#N/A N/A,12.3109,#N/A N/A,36.6041,17.3698,#N/A N/A
7/31/1992,11.1575,11.6023,8.2557,263.9705,40.1316,24.5275,24.7105,#N/A N/A,#N/A N/A,53.136,556.6176,16.0188,21.3283,#N/A N/A,31.25,17.7126,17.8866,24.8336,30.4167,16.686,33.2979,19.3299,7.1712,32.7402,19.6364,#N/A N/A,13.1409,#N/A N/A,36.5196,17.826,#N/A N/A
8/31/1992,10.9785,10.5304,7.7122,263.9705,35.1504,25.2577,23.6809,#N/A N/A,#N/A N/A,56.5813,509.5588,15.5496,21.2743,#N/A N/A,31.9963,17.2065,17.6183,23.3339,30.9375,16.4489,32.8723,17.8503,6.7864,30.3381,19.6364,#N/A N/A,13.4175,#N/A N/A,37.2549,18.0365,#N/A N/A
9/30/1992,10.4215,15.388,7.8259,263.9705,39.7556,21.9305,23.3778,#N/A N/A,#N/A N/A,58.8339,476.4705,16.9023,19.6354,#N/A N/A,28.8256,17.402,17.8576,20.5311,30.9615,18.0682,30.8884,20.3273,11.3943,33.0592,19.6364,#N/A N/A,12.9664,#N/A N/A,38.5621,17.7815,#N/A N/A
10/30/1992,12.1247,15.0363,7.6923,263.9705,37.2671,21.0059,25.3125,#N/A N/A,#N/A N/A,56.9901,476.4705,17.3522,20.8333,#N/A N/A,28.9146,17.9412,17.9667,20.2998,34.1346,17.7273,31.1983,21.7682,10.6072,34.2105,19.6364,#N/A N/A,12.6672,#N/A N/A,37.8505,17.0508,#N/A N/A
11/30/1992,13.2794,16.0914,7.5053,263.9705,46.4286,20.3402,27.2472,#N/A N/A,#N/A N/A,60.1974,476.4705,18.3805,20.9896,#N/A N/A,28.2918,19.2157,17.8139,20.8781,35.8173,18.8319,32.2831,22.3343,11.0945,35.773,19.6364,#N/A N/A,12.5342,#N/A N/A,40.109,16.5984,#N/A N/A
12/31/1992,13.8953,16.8789,8.8268,263.9705,48.8354,10.5784,25.8709,#N/A N/A,#N/A N/A,66.4885,476.4705,17.5758,20.4684,#N/A N/A,29.1812,18.75,17.1383,19.4297,30.7104,18.1223,22.3077,21.4614,11.563,30.9103,19.6364,#N/A N/A,13.9628,#N/A N/A,39.6417,15.9686,#N/A N/A
1/29/1993,13.8372,15.6915,7.7303,263.9705,46.3351,11.0731,27.4502,#N/A N/A,#N/A N/A,59.7477,476.4705,21.5657,17.9226,#N/A N/A,29.5296,18.7019,16.6912,18.0339,31.1151,17.8221,20.3077,19.8642,11.563,35.0543,19.6364,#N/A N/A,14.099,#N/A N/A,37.536,16.0013,#N/A N/A
2/26/1993,12.3256,16.6245,7.5658,263.9705,45.9424,11.7199,26.7734,#N/A N/A,#N/A N/A,58.2569,476.4705,23.5354,17.3116,#N/A N/A,29.5296,19.375,17.9686,17.1964,29.991,15.5043,17.9615,20.7626,11.563,23.981,19.6364,#N/A N/A,15.1548,#N/A N/A,37.464,16.6558,#N/A N/A
3/31/1993,12.4697,9.4962,8.1395,263.9705,46.8586,11.6585,25.5281,#N/A N/A,#N/A N/A,58.0275,476.4705,17.5038,17.3116,#N/A N/A,28.6074,19.8778,18.2937,15.3582,31.0403,16.4431,18.4172,19.6358,11.563,25.4321,19.6364,#N/A N/A,15.6372,#N/A N/A,36.5994,17.9161,#N/A N/A
4/30/1993,12.4092,9.8937,8.8081,263.9705,36.3436,12.0792,23.3769,#N/A N/A,#N/A N/A,48.2905,476.4705,14.4787,17.0588,#N/A N/A,26.5101,18.0921,18.5861,16.0637,28.6913,14.6191,20.1923,19.3406,11.563,26.6667,19.6364,#N/A N/A,14.3457,#N/A N/A,29.805,17.8823,#N/A N/A
5/31/1993,13.7107,10.1145,9.2151,263.9705,47.5771,12.3597,25.2413,#N/A N/A,#N/A N/A,52.7065,476.4705,16.876,17.5,#N/A N/A,27.8523,18.703,18.8576,16.6064,31.0822,15.2954,21.2278,19.3406,11.563,29.5062,19.6364,#N/A N/A,15.1485,#N/A N/A,31.0585,17.7133,12.7098
6/30/1993,27.6224,11.5552,8.6449,72.6942,48.2379,13.7972,22.4627,#N/A N/A,#N/A N/A,49.8575,476.4705,13.4639,16.1765,#N/A N/A,27.2152,17.8636,17.8571,18.9826,28.0255,11.6297,19.0883,207.5,11.563,29.0724,19.6364,#N/A N/A,15.8867,#N/A N/A,29.1086,16.7499,17.9162
7/30/1993,19.4056,11.6895,9.1998,74.6359,38.7127,13.8954,20.6712,#N/A N/A,#N/A N/A,46.8253,476.4705,12.7907,13.9313,#N/A N/A,27.3734,18.7273,17.3611,16.3759,23.5669,11.8671,16.9516,195,11.563,28.5633,19.6364,#N/A N/A,15.9202,#N/A N/A,27.139,16.6232,17.8169
8/31/1993,18.5315,11.6447,9.2582,79.8544,35.6343,14.6423,21.5669,#N/A N/A,#N/A N/A,45.1058,476.4705,15.7283,15.5534,#N/A N/A,27.4525,19.5455,18.1258,17.0443,23.9252,11.6091,17.9487,193.5,11.563,26.81,19.6364,#N/A N/A,17.1577,#N/A N/A,27.4064,16.5916,18.3795
9/30/1993,36.5234,8.7271,10.0458,15.0763,37.3134,15.5653,30.5312,#N/A N/A,#N/A N/A,40.7407,476.4705,14.5726,14.9809,#N/A N/A,25.6061,18.4609,17.039,15.8172,25.6211,9.7192,16.9516,75.3968,11.563,28.2407,19.6364,#N/A N/A,17.1598,#N/A N/A,26.3369,15.8681,14.3438
10/29/1993,48.0469,7.9003,9.8168,17.4618,32.8526,15.4459,34.5751,#N/A N/A,#N/A N/A,40.1266,476.4705,13.0278,15.6599,#N/A N/A,26.2879,20.5071,17.1839,16.5244,24.8835,10.4482,31.4394,86.1111,11.563,28.7551,19.6364,#N/A N/A,17.1261,#N/A N/A,27.0513,15.8378,14.5434
11/30/1993,49.2187,7.686,10.1113,16.2691,36.0577,13.8336,32.1488,#N/A N/A,#N/A N/A,42.0253,476.4705,12.6674,16.2175,#N/A N/A,25.6061,20.863,18.0535,17.6175,24.8447,11.0311,33.5859,90.0794,11.563,29.784,19.6364,#N/A N/A,16.1504,#N/A N/A,29.359,15.2019,14.5567
12/31/1993,46.4844,7.4212,11.8169,13.2638,41.4263,22.3972,30.0416,#N/A N/A,#N/A N/A,40,476.4705,11.8774,16.3321,#N/A N/A,26.0965,19.5205,18.0121,17.3981,23.7832,10.6855,33.6585,77.027,9.1336,30.8435,17.6136,#N/A N/A,15.6001,#N/A N/A,25.641,14.9644,10.3386
1/31/1994,46.4844,7.8719,11.8169,15.5179,39.4022,24.0039,33.3013,#N/A N/A,#N/A N/A,38.2353,476.4705,12.5,15.4653,#N/A N/A,23.9035,20.8048,17.7636,18.4736,25.1106,11.5207,31.5244,80.4054,8.9812,34.7561,19.1406,#N/A N/A,15.0052,#N/A N/A,25.7282,15.7957,10.8848
2/28/1994,46.4844,7.0306,12.7732,16.1513,40.0815,22.3008,33.918,#N/A N/A,#N/A N/A,40.8088,476.4705,13.1705,14.6442,#N/A N/A,24.9269,20.762,17.4531,16.3859,24.3363,12.8412,28.2927,77.5338,8.4477,33.5874,19.3182,#N/A N/A,14.4764,#N/A N/A,27.5485,15.4097,10.4845
3/31/1994,46.4844,8.8257,12.6053,13.6047,37.2283,23.7994,28.3002,#N/A N/A,#N/A N/A,39.951,476.4705,12.5465,13.3865,#N/A N/A,23.0824,18.9583,17.1561,15.0573,24.7085,13.1514,24.3243,76.6071,8.4145,31.6667,17.305,#N/A N/A,13.4452,#N/A N/A,25.1214,15.006,9.901
4/29/1994,46.4844,9.4647,12.6404,13.3021,28.5967,25.1412,28.6381,#N/A N/A,#N/A N/A,38.5321,476.4705,11.3383,14.672,#N/A N/A,23.6506,20,16.9181,14.994,26.9679,13.3065,26.5766,81.25,8.5904,30.7407,17.7577,#N/A N/A,13.4452,#N/A N/A,24.0476,15.006,10.3429
5/31/1994,46.4844,9.4647,13.0267,12.9389,23.3491,24.5763,29.2294,#N/A N/A,#N/A N/A,41.3991,476.4705,11.6171,15.6915,#N/A N/A,22.9403,20.6667,17.6537,15.4369,31.3411,14.899,28.7162,80.5357,8.401,35.6481,18.4889,#N/A N/A,13.8674,#N/A N/A,22.381,14.5585,11.2293
6/30/1994,46.4844,9.0523,15.625,10.0402,22.0519,20.0839,27.9399,#N/A N/A,#N/A N/A,38.6468,25.7675,10.8736,14.6331,#N/A N/A,22.1995,18.629,17.2274,12.0846,27.5333,15.0884,27.8084,17.2735,8.3594,33.7316,16.6021,#N/A N/A,14.26,#N/A N/A,23.0952,14.4821,8.3012
7/29/1994,20.1722,9.316,15.076,10.881,17.6471,21.283,28.5272,#N/A N/A,#N/A N/A,34.7458,27.0833,10.6949,16.041,#N/A N/A,24.2486,17.5,18.489,12.0338,27.4667,15.5303,27.3128,18.0421,8.9063,33.4559,15.5685,#N/A N/A,14.4192,#N/A N/A,23.1481,15.2174,8.5672
8/31/1994,21.6692,9.8872,15.3716,11.5964,20.8508,20.3237,27.6042,#N/A N/A,#N/A N/A,38.3475,30.0987,11.8682,17.1075,#N/A N/A,25.1366,18.2258,19.1851,13.8617,31,16.5064,30.0661,19.7006,9.0104,38.4191,16.4406,#N/A N/A,13.9417,#N/A N/A,22.8009,15.2174,8.9061
9/30/1994,12.9567,10.2659,14.6684,13.3642,23.0042,19.9163,18.803,#N/A N/A,#N/A N/A,35.5932,19.4134,10.733,16.9262,#N/A N/A,25.5921,16.3551,18.9207,14.4203,28.1328,15.0962,17.3246,18.0682,8.8028,35.3333,15.2002,#N/A N/A,14.5725,#N/A N/A,21.6435,15.4078,8.6245
10/31/1994,16.6106,10.3926,14.9235,14.7531,23.3527,21.5311,19.0449,#N/A N/A,#N/A N/A,36.1111,20.8101,10.8421,17.9098,#N/A N/A,26.4474,17.9128,18.9635,14.5218,31.5789,15.609,18.5777,18.9394,9.4529,35.1667,15.2913,#N/A N/A,14.4006,#N/A N/A,21.1712,16.8115,8.6784
11/30/1994,14.3269,10.0124,15.2211,13.3333,25,20.8732,21.1005,#N/A N/A,#N/A N/A,36.7063,19.7626,11.0166,17.5,#N/A N/A,26.9079,17.6791,17.5508,15.1311,31.5163,14.6167,19.3922,18.9394,8.9382,31.6667,14.199,#N/A N/A,13.782,#N/A N/A,20.8333,16.143,8.3033
12/30/1994,10.1706,9.856,18.6255,11.7163,27.2287,17.1965,20.0492,#N/A N/A,#N/A N/A,36.5079,14.6414,12.1899,17.5481,#N/A N/A,26.0101,17.4627,18.022,15.1612,28.8325,17.0767,18.7046,17.8674,9.0587,27.5152,14.6904,#N/A N/A,13.892,#N/A N/A,19.1441,14.9263,7.6534
1/31/1995,10.5971,10.5242,17.7291,10.9458,22.25,17.1965,22.1139,#N/A N/A,#N/A N/A,35.1504,14.3675,13.2395,18.6298,#N/A N/A,26.5152,19.4776,17.6844,16.0063,28.0071,16.2471,19.7942,18.804,9.666,29.5732,15.0117,#N/A N/A,15.1485,#N/A N/A,19.4915,15.3563,7.5954
2/28/1995,10.3675,11.276,18.3765,10.9724,22.5,18.3044,23.2006,#N/A N/A,#N/A N/A,33.7406,14.99,15.2195,18.1891,#N/A N/A,27.7778,19.8507,18.4863,16.8513,29.717,14.9428,20.0363,19.1643,9.8431,26.2195,15.5082,#N/A N/A,14.974,#N/A N/A,20.1271,15.7248,8.1238
3/31/1995,8.2941,11.3066,24.7133,10.5751,25.4167,17.7778,21.7625,#N/A N/A,#N/A N/A,33.2707,12.5962,14.4345,18.0851,#N/A N/A,27.1635,19.6121,18.2194,16.4664,30.5258,15.5146,19.9419,17.7614,9.1575,26.7143,14.3711,#N/A N/A,14.5484,#N/A N/A,21.6102,14.8996,7.7835
4/28/1995,9,11.2661,25.2294,11.1217,24.9219,17.5463,22.578,#N/A N/A,#N/A N/A,30.6985,14.5769,17.4107,19.7568,#N/A N/A,27.9447,20.1149,18.6896,16.563,35.0858,15.9304,20.1453,18.7332,8.8141,20.7143,15.2027,#N/A N/A,15.1344,#N/A N/A,19.7917,15.5413,8.2821
5/31/1995,9.7794,11.5497,27.0069,11.4544,27.3438,18.1944,22.6799,#N/A N/A,#N/A N/A,30.6066,14.3462,19.0901,20.1368,#N/A N/A,29.7476,21.7672,18.768,18.2048,36.3466,14.4991,20.4942,19.2694,9.3178,21.2857,15.7744,#N/A N/A,15.3758,#N/A N/A,20.8333,15.9319,8.5578
6/30/1995,11.8162,10.9031,73.6765,11.2719,31.6016,14.3904,21.6939,#N/A N/A,#N/A N/A,29.8713,11.5246,19.7852,19.6014,#N/A N/A,28.9773,21.4973,17.4894,18.3306,38.9547,15.4412,20.8005,19.3733,9.3454,21.1097,14.9379,#N/A N/A,15.1191,#N/A N/A,22.2917,13.9026,8.4199
7/31/1995,11.4504,11.9507,78.8235,12.3465,32.0402,15.2392,22.8639,#N/A N/A,#N/A N/A,30.8979,13.0702,20.3125,20.7971,#N/A N/A,29.9432,21.2225,17.2985,19.3126,39.0086,16.6131,22.7426,18.5647,9.2505,23.0867,16.0612,#N/A N/A,15.4566,#N/A N/A,21.6463,14.2717,8.6401
8/31/1995,10.9415,12.5327,75,11.7763,37.7155,14.9306,21.8889,#N/A N/A,#N/A N/A,28.081,12.41,19.1797,20,#N/A N/A,29.2045,20.0549,16.6875,18.6579,39.8707,14.7727,22.236,18.6995,10.2941,21.5561,15.9417,#N/A N/A,16.1315,#N/A N/A,20.0203,13.5335,8.4604
9/29/1995,10.7659,13.2121,70.3608,10.211,39.6552,16.0479,21.6905,#N/A N/A,#N/A N/A,28.081,15.2464,17.2636,20.6476,#N/A N/A,30.131,20.1316,17.0975,20.3071,34.9421,17.7233,22.7563,20.1571,10.8909,24.0764,16.3054,#N/A N/A,13.5168,#N/A N/A,20.2236,13.4795,8.8004
10/31/1995,10.4949,12.0956,67.6546,10.0763,39.9485,15.429,21.785,#N/A N/A,#N/A N/A,25.1689,15.7108,20.0215,22.702,#N/A N/A,31.3865,21.5789,17.2109,20.8511,38.61,18.1021,24.4617,21.2042,9.4683,26.17,16.3745,#N/A N/A,14.0123,#N/A N/A,17.4395,14.2491,8.7034
11/30/1995,11.0188,12.6538,75.1289,11.0189,43.3634,16.2954,22.7301,#N/A N/A,#N/A N/A,29.9831,15.6099,17.4427,24.1295,#N/A N/A,33.0786,23.4868,19.821,22.4376,33.639,17.9289,24.7282,22.6113,10.4478,30.9729,17.297,#N/A N/A,13.8746,#N/A N/A,19.3548,14.4356,9.2872
12/29/1995,23.6111,11.6455,68.75,10.271,38.4665,36.7133,22.1352,#N/A N/A,#N/A N/A,32.348,12.7078,14.047,23.0175,#N/A N/A,31.3291,22.7904,20.4992,23.048,30.3633,21.5224,25.5526,21.2276,9.7931,41.4557,16.6447,#N/A N/A,14.1043,#N/A N/A,18.0444,15.4681,8.5479
1/31/1996,20.463,12.9473,68.0921,11.2544,40.4126,36.2762,24.1049,#N/A N/A,#N/A N/A,29.6774,15.0623,13.6719,25.8065,#N/A N/A,31.8038,25.3788,19.9577,24.6254,32.0069,21.5611,27.8848,21.4834,10.0352,39.7943,18.0044,#N/A N/A,14.5261,#N/A N/A,16.9792,15.4923,8.9843
2/29/1996,20.3704,12.9473,71.1623,11.6914,46.1165,38.8986,24.5738,#N/A N/A,#N/A N/A,27.9032,16.9841,14.5575,25.1344,#N/A N/A,34.0717,25.2525,20.1511,23.2233,34.1479,18.5888,26.7187,20.9719,9.9692,41.2975,18.8596,#N/A N/A,13.9461,#N/A N/A,17.7083,15.3475,9.1347
3/29/1996,17.9167,13.4643,76.6593,11.8467,45.0243,33.6078,31.6712,#N/A N/A,#N/A N/A,30.8871,15.3065,14.078,23.899,#N/A N/A,34.0021,24,20.0094,21.1932,32.8424,23.2808,25.794,20.8744,9.7711,36.3905,18.9932,#N/A N/A,12.7533,#N/A N/A,19.2708,15.5773,9.3258
4/30/1996,17.9167,13.2257,72.677,11.1498,43.5924,34.7305,30.7416,#N/A N/A,#N/A N/A,29.3344,14.8072,16.7698,23.9637,#N/A N/A,33.5391,23.9375,20.2792,20.5974,36.0669,25.0716,26.5159,20.8128,9.353,34.6154,18.6971,#N/A N/A,13.4245,#N/A N/A,19.7314,16.2214,9.2692
5/31/1996,17.9167,12.4758,75.4425,11.4329,46.0084,35.7784,30.1218,#N/A N/A,#N/A N/A,31.6563,14.7039,18.6881,25.2267,#N/A N/A,37.8601,24.0625,21.0503,22.0017,37.8185,26.6247,27.2377,21.6441,9.309,32.4704,18.5068,#N/A N/A,12.8824,#N/A N/A,21.3843,16.1737,9.6825
6/28/1996,17.9167,11.7658,28.0145,11.2169,47.584,32.5967,31.3329,#N/A N/A,#N/A N/A,33.4365,14.6233,17.3611,24.75,#N/A N/A,38.1836,22.6942,20.7496,21.3118,35.0219,27.2546,26.2408,21.3738,9.5878,31.3665,18.4887,#N/A N/A,12.9281,#N/A N/A,20.9711,16.7712,9.5351
7/31/1996,17.9167,11.5351,28.4566,10.9065,37.7737,31.9751,27.7199,#N/A N/A,#N/A N/A,29.3605,15.9343,17.76,23.875,#N/A N/A,36.6211,22.5121,20.3125,21.1881,34.3659,27.2878,25.6893,21.079,9.2742,20.9627,18.1069,#N/A N/A,11.9901,#N/A N/A,19.3548,15.8784,9.5322
8/30/1996,17.9167,11.5351,29.0997,11.4031,38.5036,32.5276,28.4051,#N/A N/A,#N/A N/A,30.8866,16.8944,18.8682,24.625,#N/A N/A,39.0625,22.5121,21.4844,21.6416,35.7143,25.9615,26.1029,20.9611,9.2742,23.9907,18.127,#N/A N/A,11.4071,#N/A N/A,21.371,15.7095,9.6827
9/30/1996,17.9167,11.7689,27.8761,11.4726,45.3011,26.4241,31.7423,#N/A N/A,#N/A N/A,33.0669,12.2902,20.4802,24.7585,#N/A N/A,40.7,22.4526,20.9835,22.3513,36.6319,29.2067,27.6661,22.8337,11.0338,27.2059,18.3117,#N/A N/A,12.8394,#N/A N/A,21.2702,15.9483,9.6326
10/31/1996,17.9167,11.9597,28.1342,10.4452,39.3357,27.7426,32.9945,#N/A N/A,#N/A N/A,30.1653,12.7345,23.5783,23.7923,#N/A N/A,40.4,21.0308,23.0105,23.5423,38.125,28.3053,28.9336,23.185,10.8101,24.7549,19.6265,#N/A N/A,12.9198,#N/A N/A,20.9646,16.978,9.8656
11/29/1996,17.9167,13.2956,29.3142,12.0434,43.15,28.27,36.9388,#N/A N/A,#N/A N/A,28.719,15.733,27.2264,25.6643,#N/A N/A,40.9,22.1564,25.1502,26.3611,43.5764,24.3056,31.3374,25.4684,11.7048,28.1863,21.3796,#N/A N/A,13.4827,#N/A N/A,20.0787,18.1274,10.7767
12/31/1996,17.9167,13.8925,27.6299,10.7041,40.4482,15.9705,34.1788,#N/A N/A,#N/A N/A,27.6171,13.8532,22.5754,23.467,#N/A N/A,40.7946,20.8525,23.085,24.0406,43.0339,25.5342,27.7174,24.7126,12.913,22.8426,19.2982,#N/A N/A,13.0717,#N/A N/A,18.0118,17.6577,10.6018
1/31/1997,17.9167,15.337,27.8247,11.042,39.1634,16.3084,35.9583,#N/A N/A,#N/A N/A,25.5814,14.4266,27.9741,27.1816,#N/A N/A,44.8643,20.9677,23.7465,27.5292,53.125,29.0064,31.0619,26.5517,13.7665,24.7462,20.3947,#N/A N/A,13.5764,#N/A N/A,17.7239,18.6712,11.1816
2/28/1997,17.9167,16.0747,26.4286,11.1486,31.2325,15.8477,36.4492,#N/A N/A,#N/A N/A,28.1654,13.1881,24.4612,27.1816,#N/A N/A,47.2868,19.9309,25.6267,27.9084,50.7813,26.7193,30.6438,27.6149,14.8678,25.3173,22.0029,#N/A N/A,13.9549,#N/A N/A,19.6828,17.9955,11.2753
3/31/1997,17.9167,14.1653,23.0972,10.6011,27.0213,15.6813,28.4701,#N/A N/A,#N/A N/A,27.6486,12.4209,19.9319,24.0341,#N/A N/A,42.3295,21.0938,22.8378,24.5351,40.2138,23.0483,27.0585,25.7848,11.9917,25.1984,20.5041,#N/A N/A,11.862,#N/A N/A,20.8022,18.3248,10.2161
4/30/1997,17.9167,15.5847,23.0972,11.7569,26.8274,15.4279,31.9802,#N/A N/A,#N/A N/A,29.9742,14.5344,21.9377,27.8409,#N/A N/A,48.2008,23.9397,23.5135,26.3552,53.2895,20.9108,30.8781,28.1951,12.3845,25.7275,20.6063,#N/A N/A,13.2016,#N/A N/A,20.471,19.2602,11.6214
5/30/1997,17.9167,16.4424,24.6487,12.8963,35.1218,15.7658,31.9314,#N/A N/A,#N/A N/A,30.6569,15.642,21.7049,27.2159,#N/A N/A,51.7045,22.433,24.7973,26.1732,54.386,21.2687,33.0894,30.9137,13.2394,29.8942,21.9005,#N/A N/A,13.64,#N/A N/A,21.558,20.1531,12.9853
6/30/1997,17.9167,16.8947,26.2037,13.5746,34.7978,15.9005,30.1076,#N/A N/A,#N/A N/A,33.5462,15.767,18.5618,28.1114,#N/A N/A,49.6324,21.3772,26.9129,28.8113,47.7788,21.7817,37.3905,30.9759,14.0683,25.6158,21.3918,#N/A N/A,14.3785,#N/A N/A,24.5018,19.8387,14.353
7/31/1997,17.9167,18.9923,29.0432,14.1593,40.2034,17.0161,30.3187,#N/A N/A,#N/A N/A,36.4051,18.4878,24.0347,27.2107,#N/A N/A,50.9191,23.7832,25,28.9331,53.4972,23.2509,37.3123,33.3607,14.4719,28.0788,21.7945,#N/A N/A,13.7508,#N/A N/A,26.4525,20.7258,16.7266
8/29/1997,17.9167,17.6317,26.8827,14.6808,38.0874,16.6532,28.818,#N/A N/A,#N/A N/A,31.8834,17.6355,24.1165,24.7544,#N/A N/A,42.1415,20.9347,23.7137,25.5578,49.9764,19.269,34.6527,29.1804,13.5378,23.9532,20.1192,#N/A N/A,13.7152,#N/A N/A,25,19.7379,15.487
9/30/1997,17.9167,17.8726,61.5113,12.9502,36.9189,17.4764,29.034,#N/A N/A,#N/A N/A,35.2196,18.0473,23.3112,24.3143,#N/A N/A,42.9137,20.9802,23.8402,26.5693,46.1019,19.1336,36.4457,29.2638,15.4474,23.2558,19.8044,#N/A N/A,14.9399,#N/A N/A,25.7923,19.9572,16.6616
10/31/1997,17.9167,17.0267,54.096,12.3049,39.2306,17.4238,29.6191,#N/A N/A,#N/A N/A,35.4299,16.7057,19.4444,24.2089,#N/A N/A,39.7887,19.7412,23.5825,23.7279,45.2962,16.9675,42.9308,28.8136,15.1397,21.5407,17.1149,#N/A N/A,14.8354,#N/A N/A,23.8946,19.1394,15.5772
11/28/1997,17.9167,17.2177,60.0282,11.5096,41.2482,16.8461,34.1881,#N/A N/A,#N/A N/A,35.629,18.6648,19.6023,26.5559,#N/A N/A,44.0141,21.3656,25.1128,25.1403,49.3031,18.3726,44.1444,32.3358,15.1515,24.2151,18.3221,#N/A N/A,16.5766,#N/A N/A,27.1684,19.0031,16.6297
12/31/1997,17.9167,18.78,77.6786,11.1127,39.9928,15.6187,34.0576,#N/A N/A,#N/A N/A,37.5,17.2831,18.1057,27.334,#N/A N/A,45.9483,20.943,21.1501,26.9601,41.1624,14.8113,45.3819,32.71,14.4222,21.9856,17.2951,#N/A N/A,16.66,#N/A N/A,26.8282,18.7692,17.022
1/30/1998,17.9167,17.6095,75.496,10.984,42.6482,15.1749,36.6361,#N/A N/A,#N/A N/A,37.0015,16.312,20.8763,27.7749,#N/A N/A,44.6552,20.6689,21.5206,29.7512,47.5119,15.1179,49.8707,32.1209,15.29,22.677,19.3884,#N/A N/A,16.9461,#N/A N/A,25.561,18.194,16.991
2/27/1998,17.9167,18.951,86.1111,12.5,44.5503,16.4554,38.4841,#N/A N/A,#N/A N/A,39.1488,17.2624,23.1153,31.3278,#N/A N/A,47.3707,24.0132,21.9878,32.368,53.9809,20.8929,53.8649,34.8105,15.5756,26.8529,21.2144,#N/A N/A,16.4312,#N/A N/A,29.6877,19.5936,18.6845
3/31/1998,343.75,19.1352,121.2209,12.2634,46.241,18.7646,35.8268,#N/A N/A,#N/A N/A,41.3727,17.458,21.7444,29.8018,#N/A N/A,52.3226,25.8621,23.4415,31.4852,53.5928,21.0714,62.6965,33.75,20.4415,27.5532,21.6696,#N/A N/A,18.3165,#N/A N/A,32.5723,21.4003,19.6991
4/30/1998,342.1875,21.2585,116.4244,12.681,46.2632,19.3195,41.721,#N/A N/A,#N/A N/A,42.7147,19.4748,22.5104,29.0142,#N/A N/A,51.2669,26.6703,24.2609,29.5538,53.9671,22.7381,71.5802,32.875,19.4381,29.8936,23.1074,#N/A N/A,16.7194,#N/A N/A,31.0201,23.0815,20.2981
5/29/1998,332.8125,21.3887,110.7558,12.2355,47.7632,18.6624,37.9663,#N/A N/A,#N/A N/A,45.6759,19.7269,19.899,28.0742,#N/A N/A,52.9561,28.2866,23.8111,28.7107,50.7859,28.3951,65.9198,33.575,20.3555,27.234,22.0657,#N/A N/A,16.3731,#N/A N/A,33.8575,22.3101,19.91
6/30/1998,28.125,22.8875,297.0833,11.5954,58.1447,21.0285,36.3739,#N/A N/A,#N/A N/A,48.2922,19.0718,22.2598,29.3825,#N/A N/A,57.3825,28.9916,21.403,31.6551,71.2993,30.054,64.3121,35.5713,54.9837,26.0246,20.9751,#N/A N/A,15.8942,#N/A N/A,37.2701,23.5355,19.8523
7/31/1998,33.9461,22.1598,258.75,10.636,54.7143,20.9177,35.768,#N/A N/A,#N/A N/A,45.0269,22.01,25.3566,30.7769,#N/A N/A,54.1527,28.0725,19.4987,29.1848,72.3273,27.4691,65.0888,31.0059,47.3039,23.1557,21.7262,#N/A N/A,15.8071,#N/A N/A,36.2789,23.1436,20.3057
8/31/1998,30.576,15.6599,206.25,9.2516,46.7857,18.75,28.4976,#N/A N/A,#N/A N/A,41.3978,18.7085,21.3776,27.49,#N/A N/A,43.7081,23.5557,17.8385,27.4393,63.1168,26.0808,55.0296,29.8828,39.951,14.8053,16.4541,#N/A N/A,15.3716,#N/A N/A,33.7645,21.5965,17.2193
9/30/1998,20.172,15.0663,30.6362,9.9692,52.9821,23.0308,27.4461,#N/A N/A,#N/A N/A,42.4731,20.5457,25.6737,30.5664,#N/A N/A,38.6745,24.2632,19.494,29.5554,62.8929,27.6786,60.5357,26.9724,43.3333,13.834,16.7995,#N/A N/A,16.4146,#N/A N/A,31.3938,24.3707,18.4354
10/30/1998,19.6429,17.1527,33.4821,10.0671,50.5348,22.3288,29.2081,#N/A N/A,#N/A N/A,43.9394,23.8262,26.7028,31.8359,#N/A N/A,45.3859,27.185,21.164,30.8528,60.5,32.8477,61.3214,33.7928,44.1667,17.2184,20.9341,#N/A N/A,18.0032,#N/A N/A,37.2975,24.7396,20.1596
11/30/1998,16.8981,19.4212,36.2723,11.0598,60.4612,22.911,34.9006,#N/A N/A,#N/A N/A,50.2525,26.4848,32.2231,31.7383,#N/A N/A,47.0218,28.4807,21.2467,35.3296,69.7143,35.3982,63.7857,33.3175,47,17.836,23.5577,#N/A N/A,18.8504,#N/A N/A,40.7096,26.0634,21.3901
12/31/1998,16.7777,19.3314,25.4883,11.2195,74.4485,26.081,38.2773,#N/A N/A,#N/A N/A,61.8056,27.782,33.4922,32.136,#N/A N/A,47.7679,30.4067,18.9667,32.5145,67.6524,35.896,65.6741,33.8194,74.7312,16.4361,23.2372,#N/A N/A,17.4656,#N/A N/A,44.0205,25.8392,20.0187
1/29/1999,16.8801,19.4496,27.002,10.564,83.2556,23.5063,42.1051,#N/A N/A,#N/A N/A,56.9577,27.5564,39.8129,32.567,#N/A N/A,46.7411,31.2748,20.7,32.3081,85.3659,40.4867,67.3429,33.6574,63.172,17.0802,25.5208,#N/A N/A,19.7723,#N/A N/A,43.4343,24.8896,20.4541
2/26/1999,14.2674,20.513,27.7832,11.1128,72.9944,24.1745,44.8961,#N/A N/A,#N/A N/A,56.3091,25.5639,33.8807,32.7107,#N/A N/A,45.6696,33.7302,19.75,35.9958,73.2317,40.625,69.0772,33.1481,69.6237,18.8216,26.469,#N/A N/A,18.9279,#N/A N/A,43.6237,23.5203,21.421
3/31/1999,13.5103,20.9477,22.5993,13.0504,81.7631,29.9788,42.6544,#N/A N/A,#N/A N/A,58.7266,24.7902,30.7171,35.8956,#N/A N/A,45.1287,35.126,19.0188,34.2637,79.6667,43.7027,72.644,35.3565,43.1424,19.4188,27.6403,#N/A N/A,16.6654,#N/A N/A,46.5593,28.3384,22.1357
4/30/1999,17.2932,23.2988,26.904,18.2884,100.9403,33.8136,43.5109,#N/A N/A,#N/A N/A,51.6704,29.257,31.6214,36.1111,#N/A N/A,50,32.8488,23.9247,30.0174,72.2778,47.1117,54.2748,33.8673,39.8438,20.7103,29.5281,#N/A N/A,18.5798,#N/A N/A,43.3962,33.3584,25.4413
5/31/1999,16.5648,21.6051,27.9801,15.5895,96.4602,31.4195,39.9136,#N/A N/A,#N/A N/A,49.0303,32.535,27.9393,34.3056,#N/A N/A,50.2298,29.845,23.0511,28.8424,71.7222,36.7093,50.4717,33.7094,49.3924,21.4945,25.3316,#N/A N/A,17.6528,#N/A N/A,40.2123,32.0783,27.1247
6/30/1999,16.25,22.4222,22.0937,19.3548,114.0487,34.8672,42.2262,#N/A N/A,#N/A N/A,55.5497,34.6051,28.1324,36.2963,#N/A N/A,49.2126,31.062,22.8182,30.5842,64.4196,38.1401,51.7689,31.3158,13.9529,22.2865,27.4665,#N/A N/A,20.489,#N/A N/A,45.5189,32.0021,26.7535
7/30/1999,19.5395,22.7022,22.6875,18.9113,104.4118,33.4249,37.8579,#N/A N/A,#N/A N/A,49.4672,33.6513,32.6241,32.9018,#N/A N/A,47.4902,31.344,23.0807,27.9753,61.2946,31.3253,44.8513,31.7544,13.6513,21.7082,25.5508,#N/A N/A,19.9797,#N/A N/A,37.0614,32.9357,25.843
8/31/1999,22.8947,23.693,22.6562,18.2661,113.9706,33.7912,38.0292,#N/A N/A,#N/A N/A,47.3838,33.3501,38.8593,36.5179,#N/A N/A,47.0965,31.109,24.8031,27.7686,66.1161,25.6944,49.8899,34.8246,14.0625,21.6415,25.3352,#N/A N/A,19.1962,#N/A N/A,38.8706,32.7282,26.2653
9/30/1999,23.6241,22.4464,18.8606,19.6461,115.2311,29.6823,42.5516,#N/A N/A,#N/A N/A,53.1978,31.4851,33.4741,32.8125,#N/A N/A,38.7601,31.3869,24.1363,25.8828,60.7802,31.5972,47.4945,31.9966,10.9562,16.4485,21.3354,#N/A N/A,20.7338,#N/A N/A,41.7215,30.9949,23.6951
10/29/1999,29.8974,25.6769,20.3816,19.8029,114.7287,30.5393,43.3739,#N/A N/A,#N/A N/A,53.9287,25.5188,34.8818,36.1207,#N/A N/A,47.5806,30.1095,23.8851,31.7732,62.1225,31.3542,49.5816,35.7935,12.749,17.462,21.7626,#N/A N/A,20.0022,#N/A N/A,47.2396,30.2296,24.4955
11/30/1999,36.5205,25.2288,18.0586,16.6219,138.2752,29.6196,45.8407,#N/A N/A,10.6259,56.4734,26.7348,34.5439,35.7759,#N/A N/A,54.2843,32.8467,24.0107,31.3489,61.1053,24.2105,45.4236,36.8601,12.0269,17.5465,20.3237,#N/A N/A,19.5017,#N/A N/A,48.0208,32.3724,24.8332
12/31/1999,36.385,26.8499,16.299,17.8849,166.0853,24.964,68.7169,#N/A N/A,13.3221,73.46,29.1105,35.4795,31.4611,14.1766,44.8077,28.7946,23.1931,25.9069,72.9688,26.0855,42.3098,36.1592,12.7604,16.7587,22.1843,#N/A N/A,13.0452,#N/A N/A,57.6042,27.7802,25.1751
1/31/2000,36.7167,26.6178,17.3775,16.1273,157.554,24.0814,85.3089,#N/A N/A,12.9597,56.4369,30.2392,42.6455,29.0752,14.6784,44.1827,26.5625,22.186,30.446,61.1719,23.9474,47.4457,33.2921,11.4347,16.7192,18.0674,#N/A N/A,13.1247,#N/A N/A,42.7734,28.7931,23.9147
2/29/2000,40.5654,21.6717,14.4608,13.3246,190.1978,21.5238,78.7015,#N/A N/A,13.7444,57.6204,27.4933,48.7069,24.2399,14.5301,37.2596,22.5446,20.8827,23.7822,55.8594,14.3624,41.9022,29.0429,8.4754,16.1278,17.3848,#N/A N/A,10.37,#N/A N/A,38.0371,25.9698,22.1393
3/31/2000,43.7303,23.2807,15.4217,14.1282,222.482,19.9649,110.3376,#N/A N/A,15.6204,64.2857,31.383,53.6331,22.6739,15.2826,35.5587,26.0851,20.1278,23.1491,63.244,20.0126,45.1389,19.0678,12.9753,17.1336,20.3831,#N/A N/A,13.045,#N/A N/A,43.3594,22.6859,22.9712
4/28/2000,39.9469,23.4566,16.1331,14.1282,152.3695,18.3855,115.5045,#N/A N/A,13.8559,52.8892,29.6875,51.5498,26.699,12.6315,35.6534,26.4757,19.6591,25.8972,41.5179,21.9381,52.0062,20.2119,13.5456,19.1631,20.0605,#N/A N/A,12.6449,#N/A N/A,41.6353,22.6494,22.4547
5/31/2000,27.0472,25.2346,15.8791,13.7028,125.1374,19.9649,112.5043,#N/A N/A,12.0594,46.0495,28.5406,50.686,28.9644,13.0916,40.4356,24.8698,19.4886,27.8068,37.2396,20.7527,55.0154,22.5424,14.2586,21.426,19.496,#N/A N/A,11.2843,#N/A N/A,43.3271,24.2894,21.245
6/30/2000,31.5922,23.5598,16.997,11.6353,139.6978,15.1181,91.1821,#N/A N/A,15.5533,47.1108,28.0211,45.3178,32.3413,12.1644,41.6214,22.5599,18.1319,27.264,46.5116,19.2703,57.1429,19.4068,13.435,22.9893,18.0046,#N/A N/A,10.9484,#N/A N/A,43.3271,19.625,20.0331
7/31/2000,30.6498,25.622,19.9187,11.6997,130.875,14.082,90.8884,#N/A N/A,16.2193,45.932,28.7564,45.2542,29.5437,13.1217,44.4293,21.5753,19.794,25.5072,40.5887,21.1762,51.3393,19.2797,17.4951,21.9336,17.8517,#N/A N/A,10.127,#N/A N/A,39.8098,20,19.5739
8/31/2000,36.7571,26.7237,21.7988,12.6228,137.25,15.0624,91.4758,#N/A N/A,20.0098,42.659,33.7596,50.7627,29.1865,14.7557,38.1341,20.4623,20.4396,24.8623,40.5887,18.5218,51.4881,20.9534,18.75,25.3351,19.094,#N/A N/A,9.3998,#N/A N/A,34.375,20.4063,20.8621
9/29/2000,15.1218,26.5445,24.0458,11.5527,110.5,12.373,65.0715,#N/A N/A,17.8027,47.0969,27.5061,25.8152,29.0828,12.5283,37.2466,20.397,19.5547,25.1614,28.2895,18.7559,49.9306,22.7119,19.1877,24.6875,20.2485,#N/A N/A,10.4619,#N/A N/A,34.8732,19.2678,19.1861
10/31/2000,11.4881,26.2168,25.8826,12.0019,94.5175,11.9194,60.9248,#N/A N/A,15.5957,37.069,24.0831,27.9503,28.5217,12.3418,40.7939,20.9459,20.735,30.4007,32.3057,18.6973,47.9861,24.2161,19.9416,27.3438,20.413,#N/A N/A,12.4867,#N/A N/A,32.4107,19.2813,19.6164
11/30/2000,9.6897,24.0047,26.3597,13.4567,83.9912,11.8832,49.2289,#N/A N/A,12.9331,33.7823,22.8606,23.6413,30.9598,10.0023,42.3142,21.5372,21.4324,31.3303,26.9117,19.4103,49.2361,25.3814,19.5039,29.3281,20.7054,#N/A N/A,12.1358,#N/A N/A,37.2768,19.0246,18.6211
12/29/2000,32.337,23.3444,22.8374,15.7184,67.1053,10.8115,37.0815,#N/A N/A,16.8406,39.3858,19.1011,18.2751,32.0313,15.2988,39.0625,23.1293,25.7479,30.6616,20.345,25.4155,45.098,26.1458,21.9002,28.6799,22.0857,#N/A N/A,17.4822,#N/A N/A,37.9464,18.5542,19.2255
1/31/2001,47.0109,20.014,20.2422,14.691,59.4246,10.6633,39.0197,#N/A N/A,17.9134,43.4234,25.1685,22.4924,28.3933,18.5152,37.1795,19.966,23.6432,26.9134,28.6413,25.0546,44.2647,23.9467,19.3629,26.3598,21.0618,#N/A N/A,19.165,#N/A N/A,40,17.9593,20.0164
2/28/2001,39.6739,18.6458,21.5225,13.8206,37.5992,10.968,39.6604,#N/A N/A,15.3172,38.2883,22.4494,17.3632,29.6738,15.7104,33.9936,20,24.0919,26.265,27.6739,19.2744,44.1176,23.5,18.6653,27.6776,21.8848,#N/A N/A,17.2642,#N/A N/A,35.2746,17.2977,19.2955
3/30/2001,169.7693,18.2585,16.5312,16.1382,25.0992,10.281,31.0107,#N/A N/A,14.207,38.8288,20.8182,18.1466,26.1104,16.8797,28.4025,18.5664,22.0594,24.1872,25.5314,20.0148,37.5688,20.3909,16.9423,26.1634,19.9185,#N/A N/A,16.9961,#N/A N/A,35.5634,15.7111,18.922
4/30/2001,196.077,18.7625,18.3383,18.2545,32.0377,11.3068,32.7998,#N/A N/A,15.2087,42.4324,24.9221,21.3172,28.8,18.0376,29.0503,19.2308,25.2675,24.2096,31.6297,20.6367,39.7248,19.5603,17.3462,28.9095,21.2174,#N/A N/A,18.9853,#N/A N/A,36.1818,17.1852,20.6275
5/31/2001,153.4616,18.621,18.6617,19.6945,36.3396,11.2471,34.2853,#N/A N/A,17.0736,44.4054,24.1991,18.6276,28.9403,18.4774,29.8113,21.1748,25.1762,23.2599,32.2973,19.0278,39.3486,20.9251,19.4615,25.3863,22.6386,#N/A N/A,18.9094,#N/A N/A,36.1888,17.2143,20.9676
6/29/2001,181.077,21.6328,15.5742,19.0304,34.3396,10.2608,32.0291,#N/A N/A,15.4039,41.9369,23.8901,29.25,28.6533,21.2381,28.125,19.3286,24.5376,20.0292,34.2406,19.4398,34.5259,20.7143,21.4788,25.3074,19.0781,#N/A N/A,18.096,#N/A N/A,34.1259,16.5574,21.2333
7/31/2001,181.077,22.4859,16.395,20.9506,46.878,10.3617,29.2131,#N/A N/A,14.93,44.1842,22.2431,29.81,31.0029,20.619,27.875,20.8143,24.0602,21.3047,31.0463,22.0139,35.5345,23.0584,18.5805,27.6311,19.1146,#N/A N/A,18.3159,#N/A N/A,38.8194,15.8314,21.5154
8/31/2001,181.077,20.3058,14.3417,19.0114,39.8293,10.2891,28.1931,#N/A N/A,16.6183,40.307,21.1416,27.96,30.2063,18.7619,30.4188,21.45,22.3871,20.4021,26.7592,23.3645,33.0259,24.0747,17.8093,27.8934,17.8125,#N/A N/A,16.9122,#N/A N/A,33.3681,15.221,20.3437
9/28/2001,181.077,17.1876,8.9812,17.2308,29.7073,10.4889,22.682,#N/A N/A,14.8029,33.6579,19.9784,29.6232,30.5234,17.8796,29.4654,18.7172,21.8667,20.4656,32.5924,21.8738,32.6016,23.0348,17.1822,25.4789,11.6834,#N/A N/A,18.1653,#N/A N/A,34.375,15.9192,19.4295
10/31/2001,181.077,17.4064,8.7399,17.2,60.4286,10.9592,22.6455,#N/A N/A,16.2158,32.1261,23.3918,35.3913,31.9063,18.5131,30.1132,17.9793,23.1956,19.6083,37.0382,23.0654,34.065,23.3481,17.1822,25.1916,13.5402,#N/A N/A,16.7217,#N/A N/A,35.2055,15.9394,19.9748
11/30/2001,181.077,19.4647,9.4102,18.2385,73,10.521,24.9356,#N/A N/A,20.8685,39.2101,25.0195,47.3333,32.0937,19.7487,29.5346,18.5103,25.4622,20.819,40.8981,24.3073,35.2114,24.5127,17.1822,27.3755,15.1256,#N/A N/A,15.7784,#N/A N/A,37.774,15.1111,21.6838
12/31/2001,38.4211,23.3143,10.7127,20.0962,64.6786,13.7228,26.2109,#N/A N/A,21.7723,42.8655,26.3529,60.4808,31.2698,21.8976,29.8418,18.2552,27.1124,17.7235,41.6667,25.7982,30.6538,24.273,17.1822,25.3656,16.1575,#N/A N/A,14.1331,#N/A N/A,39.4178,18.0674,23.4545
1/31/2002,43.3684,23.4188,11.3122,19.3385,104.2105,12.8331,26.641,#N/A N/A,20.4178,42.0924,23.5054,67.3846,30.4286,20.512,27.6899,18.7448,25.4128,17.838,40.0692,27.4817,32.0538,25.0552,17.1822,26.6487,17.1825,#N/A N/A,13.8025,#N/A N/A,39.9867,17.9524,23.1944
2/28/2002,38.0702,23.8108,12.6961,21.35,75.1053,12.9311,29.0951,#N/A N/A,21.0781,38.7597,21.3769,54.9038,32.2222,17.6205,29.9937,18,27.0482,18.4861,36.6918,25.7031,31.5077,26.0092,17.1822,25.9821,18.2375,#N/A N/A,13.9365,#N/A N/A,41.34,18.9868,23.5915
3/29/2002,41.5263,25.6102,13.8649,24.089,89.1053,17.7348,33.0046,#N/A N/A,23.5026,37.6822,24.0741,59.6275,32.803,23.3007,33.2866,19.4056,25.9616,17.3557,32.5319,26.2052,29.2206,26.5752,17.1822,24.8925,18.3663,#N/A N/A,13.5941,#N/A N/A,40.86,24.8301,24.4685
4/30/2002,42.5789,25.6414,12.8161,23.1441,54.2593,17.0354,33.1476,#N/A N/A,20.5078,35.9457,19.3889,56.098,32.2525,22.9412,35.3567,19.8601,28.3973,16.3791,28.1896,23.2882,26.7279,26.6254,17.1822,28.6026,17.3688,#N/A N/A,11.9443,#N/A N/A,36.0387,22.7567,23.3388
5/31/2002,40.8772,26.5793,12.2557,22.1483,58.4444,17.1415,32.7615,#N/A N/A,19.6484,30.2101,18.6227,54.1569,30.9848,23.4967,35.3885,20.9371,28.3138,17.2111,27.4614,21.8496,25.4412,26.4159,17.1822,29.5765,17.047,#N/A N/A,12.8049,#N/A N/A,34.9032,22.6207,23.2556
6/28/2002,36.1633,17.9619,13.0435,22.662,51.6667,20.7746,29.6011,#N/A N/A,19.1016,26.6159,18.0451,33.2182,25.2464,19.0562,34.1463,19.4863,26.3383,15.3127,29.5058,21.8089,25.1799,24.8056,17.1822,26.9265,16.5207,#N/A N/A,11.9562,#N/A N/A,35.4903,27.0064,20.9051
7/31/2002,31.1429,17.4377,12.0348,20.6944,34.7105,17.6056,27.7687,#N/A N/A,19.0495,22.3768,17.6441,34.1636,25.6039,14.0225,30.4512,16.9521,26.9443,14.9982,25.8809,20.0366,23.2734,24.7194,17.1822,25.7824,16.91,#N/A N/A,9.827,#N/A N/A,30.1718,24.2609,19.7098
8/30/2002,30.102,17.8334,10.7449,20.2037,36.3684,17.9883,24.558,#N/A N/A,19.471,22.1007,18.8922,30.3091,26.2367,14.8315,31.0976,16.274,26.7559,15.2764,26.4743,17.1349,23.7986,24.625,17.1822,25.9853,14.4501,#N/A N/A,9.2315,#N/A N/A,32.8098,23.3963,19.4748
9/30/2002,43.9394,14.8333,11.264,17.0734,27.5789,38.4722,24.8979,#N/A N/A,16.6322,17.5168,14.5611,24.8036,25.271,13.2797,28.0468,12.7971,22.2162,14.092,24.1141,17.1349,20.1528,23.7713,17.1822,22.8924,13.45,#N/A N/A,8.1174,#N/A N/A,30.2086,21.335,17.1009
10/31/2002,48.697,17.3024,9.8185,18.7385,23.7872,37.5722,27.4633,#N/A N/A,18.0353,19.3826,19.6858,30.8929,27.4533,14.5105,27.1813,13.1232,25.6444,16.7218,29.4783,18.7262,22.0625,23.5239,17.1822,23.8714,14.6833,#N/A N/A,11.1703,#N/A N/A,31.5,22.5121,18.879
11/29/2002,46.9697,18.5203,11.2211,22.8899,31.7447,37.2389,32.5941,#N/A N/A,19.6194,16.9359,21.7207,37.2857,26.6449,17.6014,26.6901,13.4058,26.2323,18.3156,31.8765,17.1571,21.9028,22.3404,17.1822,21.378,14.8738,#N/A N/A,12.3891,#N/A N/A,31.8588,23.2746,19.649
12/31/2002,57.32,15.3948,11.6162,19.8783,27.8723,30.3562,36.5754,#N/A N/A,16.9403,15.359,21.1172,33.8478,24.1937,14.3713,25.4767,12.4651,23.4411,17.5095,34.608,17.0383,19.3481,22.2642,29.8684,19.6471,14.0773,#N/A N/A,18.98,#N/A N/A,29.7118,20.7976,17.6237
1/31/2003,57.44,15.4732,11.1232,19.1217,25.2264,29.4064,39.2439,#N/A N/A,16.9403,13.3974,21.3161,34.0435,24.1486,13.976,23.5233,11.0388,23.6787,17.1321,31.7697,17.0651,19.2152,22.1684,28.6316,20.6824,14.45,#N/A N/A,18.7498,#N/A N/A,27.0056,20.3274,16.9984
2/28/2003,60.04,14.624,9.7042,20.4348,26.3774,29.3014,38.2572,#N/A N/A,16.0393,15.0321,21.2398,37.5,23.6261,13.5808,23.3837,10.5504,23.8346,16.3156,31.7296,17.6985,18.8734,21.2073,27.0702,19.5059,13.3136,#N/A N/A,16.9375,#N/A N/A,27.1525,20.25,16.4586
3/31/2003,78.5556,13.9845,9.9841,20.1639,24.4906,19.585,36.5081,#N/A N/A,15.7229,15.6154,21.0268,36.1778,24.944,13.2458,23.5349,11.0466,23.8587,16.4593,36.9618,19.626,19.354,22.3744,27.6522,19.842,12.84,#N/A N/A,17.6032,#N/A N/A,29.3955,16.6985,16.0159
4/30/2003,78.8889,15.933,10.8685,21.5574,26.386,19.0276,40.0259,#N/A N/A,17.5289,18.0321,22.7614,40.8889,24.2931,16.3966,23.4884,13.0634,23.1266,17.4809,39.0382,20.4313,19.0994,22.5754,29.8609,19.9416,13.7356,#N/A N/A,18.6141,#N/A N/A,30.9451,16.818,16.9747
5/30/2003,99.8333,17.5322,12.2191,21.373,28.5614,21.4905,42.1495,#N/A N/A,17.6026,20.434,23.6032,46.3111,23.4267,18.3575,26.4942,14.3086,23.2055,16.6997,37.5725,20.213,19.2671,23.0704,31.8087,20.7662,15.1667,#N/A N/A,18.8482,#N/A N/A,28.9066,17.3913,17.7082
6/30/2003,136.5714,16.8656,15.5294,18.4917,29.2807,19.3514,40.5988,#N/A N/A,18.0886,20.8302,21.3178,41.568,21.3636,16.0469,26.52,17.114,22.8283,17.853,31.2317,19.3105,21.6139,21.9115,11.9314,19.9801,15.6358,#N/A N/A,20.5586,#N/A N/A,29.489,15.3922,17.9573
7/31/2003,150.3571,17.8176,14.9864,22.4153,32.5333,19.3273,45.0595,#N/A N/A,18.8207,19.6226,20.9948,49.9,21.4008,16.4554,25.6971,17.851,24.8142,16.2991,32.1951,18.6787,21.1139,21.5897,11.4935,20.7117,16.6071,#N/A N/A,18.1666,#N/A N/A,29.582,15.2508,18.4124
8/29/2003,161.6429,18.1726,16.9186,23.8638,31.9167,19.531,42.1405,#N/A N/A,17.8768,19.4909,21.1912,57.24,20.4876,16.0657,24.8686,17.3933,25.2159,15.676,32.3415,19.381,18.9367,21.4472,11.3595,19.6541,17.7152,#N/A N/A,18.4063,#N/A N/A,31.3069,16.1595,18.7196
9/30/2003,103.15,17.6086,15.6045,21.9936,32.5667,11.1449,35.539,#N/A N/A,16.9495,19.303,22.6487,42.9844,19.4961,12.4836,24.2712,17.5803,23.2951,15.5276,27.1122,20.6871,18.3012,22.0475,10.5199,18.4661,16.8366,#N/A N/A,17.949,#N/A N/A,29.5503,14.9816,17.2787
10/31/2003,114.45,18.3393,17.4955,23.4121,33.3016,11.5895,39.8911,#N/A N/A,18.9697,21.1829,22.9436,51.6406,19.815,13.0545,26.2147,18.6781,26.6003,13.5736,25.5122,21.7347,19.0361,23.3468,10.8324,18.6716,18.451,#N/A N/A,18.5909,#N/A N/A,30.2308,14.9734,18.216
11/28/2003,104.6,17.8626,17.45,24.2971,35.9683,11.7142,40.684,#N/A N/A,16.3959,21.0057,23.2154,52.2344,19.4055,12.8582,26.2712,19.1412,26.6577,12.454,25.0732,22.1947,20.2108,22.8599,10.5398,19.7798,18.671,#N/A N/A,18.1316,#N/A N/A,28.5333,14.8056,18.1563
12/31/2003,64.7576,18.2762,20.8614,25.7826,38.5556,12.4177,27.4046,#N/A N/A,16.8481,20.28,21.3057,37.4419,19.4943,11.1982,27.4324,20.8831,27.5178,14.8077,21.5156,22.5941,20.6608,22.8037,12.3906,19.6887,20.2068,#N/A N/A,11.9558,#N/A N/A,27.2051,16.0721,18.9145
1/30/2004,68.3636,19.6442,20.6683,24.264,38.8485,12.412,28.1916,#N/A N/A,16.9881,18.9679,22.8115,35.5814,20.1585,11.8567,26.6162,21.6484,25.5955,15.2564,21.6016,22.9901,21.4211,23.0776,13.1656,20.6024,20.371,#N/A N/A,12.5625,#N/A N/A,26.2683,15.9898,18.9003
2/27/2004,72.5152,20.2429,21.4703,23.5248,35,12.6994,31.1634,#N/A N/A,14.9745,19.4171,22.1839,33.9884,20.3434,12.5061,27.0054,23.8015,25.2492,15.4103,20.7031,22.197,21.4327,23.4041,13.3563,20.9814,19.6397,#N/A N/A,13.0635,#N/A N/A,29.0537,16.5308,19.073
3/31/2004,62.907,18.6011,27.9388,19.7182,35.6364,11.9288,25.9555,#N/A N/A,14.7595,19.9786,21.1126,27.7551,18.1792,11.9516,25.533,21.9769,24.9604,14.5362,18.3603,23.597,19.2582,23.255,10.6979,20.2006,18.0544,#N/A N/A,12.997,#N/A N/A,29.1171,15.5885,18.2785
4/30/2004,59.8372,17.5608,29.0408,19.384,29.8143,12.4343,23.9198,#N/A N/A,13.6846,17.8629,20.269,26.2551,19.3656,10.7123,25.6701,20.9462,26.3659,15.4605,19.0956,21.803,19.6484,23.4479,10.8743,19.2727,18.046,#N/A N/A,13.4238,#N/A N/A,26.6355,15.9483,18.0438
5/31/2004,65.2558,18.1886,31.1565,18.7905,31.6429,12.2849,24.3768,#N/A N/A,11.7095,18.2335,20.3655,29.1327,19.9677,10.4957,26.066,20.3077,25.7805,15.5592,19.375,20.2707,19.4176,23.9069,10.6096,20.4545,17.7008,#N/A N/A,12.2999,#N/A N/A,26.0421,16.2106,17.9543
6/30/2004,59.1636,17.7768,38.1269,18.0136,33.8571,10.6355,23.5057,#N/A N/A,11.7406,17.868,20.1256,24.8649,19.1409,11.2703,24.5049,18.5714,25.9395,15.7807,22.848,21.5812,17.2261,23.4151,17.859,18.2551,18.296,#N/A N/A,13.1331,#N/A N/A,24.6542,15.1673,17.4407
7/30/2004,58.8,17.3859,37.8731,16.6644,27.8133,10.8096,21.2925,#N/A N/A,10.9963,15.981,19.879,21.964,18.9931,10.8517,21.2913,19.6429,23.7349,15.0664,22.768,20.7151,16.0603,22.4301,16.3304,18.4457,18.7,#N/A N/A,13.9859,#N/A N/A,23.6652,15.8128,16.8964
8/31/2004,62.7091,17.3063,38.9701,16.4853,25.0133,11.0186,20.7024,#N/A N/A,10.622,17.327,19.3356,19.1802,19.9656,11.5058,21.7039,19.3,23.7349,14.9402,21.84,20.1364,16.4171,24.0731,15.2819,19.393,18.782,#N/A N/A,14.2435,#N/A N/A,23.5134,15.7445,16.9535
9/30/2004,52.3649,18.0905,38.812,15.8366,24.1333,11.2163,20.413,#N/A N/A,11.0474,18.5782,19.5308,17.2931,18.7767,12.1871,19.4417,17.7405,22.1524,10.8911,21.9444,21.0695,14.7826,22.5971,18.4693,20.038,17.8206,#N/A N/A,14.4074,#N/A N/A,23.75,14.4787,16.4735
10/29/2004,70.9865,18.6565,37.5188,15.8543,24.0606,11.095,22.83,#N/A N/A,11.6564,18.5882,20.4442,19.1897,19.46,11.8405,19.7379,18.4494,21.4875,10.3333,22.2143,21.7406,13.9855,21.3695,18.9721,19.6739,17.7137,#N/A N/A,14.3049,#N/A N/A,23.2414,14.7454,16.34
11/30/2004,90.6081,19.5846,40.2782,18.0217,23.4344,11.417,24.3327,#N/A N/A,11.7576,18.8914,21.467,19.2672,20.1067,11.5491,19.0825,19.4557,22.0471,9.2475,21.2778,20.9037,13.4155,22.3299,20.3799,22.5136,18.6221,#N/A N/A,15.0842,#N/A N/A,22.4397,15.3535,16.9571
12/31/2004,50.3125,20.4744,38.3481,17.2584,24.1733,9.3114,25.1655,#N/A N/A,11.6768,19.3394,21.8581,20.1638,20.4581,12.9601,20.2087,16.5258,21.8853,10.4013,21.0315,22.3926,12.684,22.3448,21.8059,22.3426,19.21,#N/A N/A,14.5244,#N/A N/A,22.7672,12.9118,17.5865
1/31/2005,60.0781,19.3775,37.4815,15.7699,21.5172,9.6465,25.9168,#N/A N/A,12.1044,18.2566,20.714,19.3534,20.871,12.402,20.1408,16.6959,22.496,9.0777,20.6929,21.3901,11.3962,21.5943,22.0824,22.5635,18.7138,#N/A N/A,12.7604,#N/A N/A,21.7427,12.9975,17.0551
2/28/2005,70.0937,19.6681,40.7185,16.823,20.7777,11.0084,25.2922,#N/A N/A,11.6364,17.708,20.5277,20.6724,21.1613,12.1429,20.7767,17.0515,22.384,10.2589,19.8268,20.1273,12.4009,21.5375,22.5412,23.1371,18.5651,#N/A N/A,12.8966,#N/A N/A,21.4149,15.9471,17.5043
3/31/2005,45.2935,19.1347,27.5755,14.9412,21.3383,10.1887,26.0074,#N/A N/A,11.7636,16.9204,19.9956,20.0259,21.6645,11.931,20.1304,15.7273,22.4319,10.8261,19.336,19.2847,12.3915,21.1155,22.6728,22.9279,18.186,#N/A N/A,12.4785,#N/A N/A,20.7925,13.8928,17.4776
4/29/2005,39.1957,19.6301,28.0755,14.3873,19.6721,9.0861,22.85,#N/A N/A,11.4214,14.9241,16.7133,18.816,21.3801,12.2379,20.9855,14.803,20.0183,11.3378,20.24,17.7801,12.6963,21.5737,22.0988,22.7188,18.1968,#N/A N/A,12.584,#N/A N/A,19.1626,13.2937,16.8684
5/31/2005,43.163,20.0585,30.1415,15.3775,22.0628,9.3972,23.7502,#N/A N/A,11.1429,16.6034,16.5317,21.544,20.9034,12.3276,21.5604,15.6263,20.0654,10.8495,20.64,18.3073,13.0374,21.9721,23.3827,23.3558,19.0877,#N/A N/A,12.4364,#N/A N/A,19.1992,13.1002,17.3235
6/30/2005,30.5477,20.3471,27.2727,14.162,21.7555,9.4094,21.7941,#N/A N/A,11.6594,16.4135,15.8547,20.848,20.2492,13.1301,20.1691,13.7376,18.491,10.9609,18.9618,19.2873,12.8879,20.8498,11.2621,23.754,17.6158,#N/A N/A,12.1924,#N/A N/A,19.5935,12.3858,17.498
7/29/2005,35.3942,21.0236,27.2769,16.0208,20.8515,9.7611,20.9084,#N/A N/A,12.2834,17.4739,17.8333,20.5606,19.4407,13.0632,20.7393,15.4307,19.1816,11.0534,19.5496,18.6637,12.5,21.9881,12.5413,23.8269,17.3928,#N/A N/A,12.0795,#N/A N/A,19.5833,12.6616,18.1307
8/31/2005,38.9461,21.1154,27.6942,16.4903,19.1855,10.3315,20.5414,#N/A N/A,10.8363,16.1928,17.2265,19.4848,19.2675,12.5985,20.8531,16.0644,18.1969,10.0463,20.916,16.137,12.0142,21.9289,12.2536,23.4624,17.1527,#N/A N/A,11.5431,#N/A N/A,17.8413,12.9095,17.8592
9/30/2005,34.3654,21.0377,29.4156,16.2968,19.5231,10.2583,20.0077,#N/A N/A,11.8499,15.3173,16.3381,18.3955,18.8333,11.9894,19.8119,17,18.1584,10.346,19.6412,16.7035,12.1214,22.8692,14.5682,24.5952,17.2226,#N/A N/A,11.6276,#N/A N/A,17.3889,12.708,18.2918
10/31/2005,36.9167,20.8243,27.9827,14.5881,18.3684,9.0444,20.2067,#N/A N/A,12.3168,15.7241,16.6762,17.5373,18.6369,12.9399,19.6239,16.0406,18.8069,10.73,19.6183,17.1881,10.5534,21.5346,14.6201,25.3348,17.0365,#N/A N/A,11.2079,#N/A N/A,18.4086,11.228,17.9197
11/30/2005,43.4744,21.5146,29.5195,16.0277,18.4632,9.0824,20.6711,#N/A N/A,11.4631,16.0077,18.1059,19.9104,18.378,13.5159,19.5826,17.1827,19.4257,11.1787,21.1527,16.8577,10.2913,21.9962,15.1071,26.1969,17.887,#N/A N/A,11.375,#N/A N/A,18.8949,11.606,18.5476
12/30/2005,38.6505,20.9187,28.096,14.3172,18.0211,8.6804,19.5465,#N/A N/A,11.352,15.5096,15.3645,17.5775,17.7286,13.5925,18.4908,16.6108,18.6747,12.4745,20.2713,17.1522,11.8376,22.2615,15.4034,26.7845,17.8057,#N/A N/A,11.2491,#N/A N/A,18.2101,10.4991,19.2696
1/31/2006,40.5968,21.3211,27.324,16.8278,19.3438,9.0795,20.6393,#N/A N/A,12.5556,14.7993,15.1963,14.9789,16.9735,13.613,18.9817,17.2463,17.5301,13.5294,21.8217,15.998,13.0355,22.7808,15.6483,25.6121,18.5892,#N/A N/A,11.8243,#N/A N/A,17.2052,11.729,19.4394
2/28/2006,36.8495,21.9024,29.076,18.1115,21.0833,8.6361,22.8247,#N/A N/A,10.5519,15.3832,14.9981,14.507,17.0059,14.089,19.2523,17.197,17.7325,13.6706,20.8527,16.4045,13.2944,23.05,14.8207,25.0991,18.6306,#N/A N/A,12.5862,#N/A N/A,16.9254,11.0972,19.6694
3/31/2006,31.6768,20.4475,28.7565,16.2466,22.5729,8.211,21.6687,#N/A N/A,11.7222,15.438,14.7796,14.9692,17.2151,14.0202,19.0318,16.4402,17.4,13,21.093,16.087,12.3366,21.8258,13.5682,22.8,17.8369,#N/A N/A,13.6293,#N/A N/A,17.6269,10.9264,18.3633
4/28/2006,35.5505,20.9377,30.7934,17.1357,21.5979,8.6431,21.723,#N/A N/A,11.9709,14.0599,14.7563,15.3692,17.0378,15.2795,19.0727,16.5407,19.6391,12.7011,18.7209,15.4707,12.5396,22.0492,14.2955,20.302,19.3262,#N/A N/A,13.2171,#N/A N/A,16.2563,11.325,18.6537
5/31/2006,30.1869,21.1518,30.7196,16.5045,20.2887,8.4688,23.6965,#N/A N/A,9.1707,13.4225,14.319,13.8615,17.5058,14.3569,20.0136,15.8708,19.2322,12.2841,17.5581,14.9275,11.7129,20.5492,14.2922,17.9429,19.2369,#N/A N/A,12.4888,#N/A N/A,17.491,10.9354,18.3274
6/30/2006,26.5674,20.083,28.6399,15.3251,20.134,8.3865,21.2958,#N/A N/A,9.1391,12.6021,13.3368,17.0721,17.0227,12.8049,19.0354,16.3107,18.6106,12.9184,18.4921,15.0558,11.3382,20.824,14.6645,17.4241,18.5982,#N/A N/A,14.0932,#N/A N/A,17.3899,10.1238,17.0128
7/31/2006,31.6093,19.6453,27.0699,14.5823,17.85,8.8892,21.0757,#N/A N/A,9.2801,12.2218,13.4392,16.2162,17.7699,13.9085,19.6903,17.1796,16.2212,14.2801,19.0714,14.684,12.5556,21.0487,15.0658,18.6109,18.2375,#N/A N/A,14.2321,#N/A N/A,15.8363,11.1782,17.0129
8/31/2006,31.5581,19.8264,26.1888,13.6523,21.99,8.7027,21.0473,#N/A N/A,9.0255,12.0739,14.0573,17.6036,18.3693,13.9207,19.8274,17.4272,16.5207,14.3794,20.3889,15.4122,13.314,23.1835,14.4408,20.214,18.39,#N/A N/A,14.8044,#N/A N/A,15.9146,11.1667,17.3102
9/29/2006,33.7851,20.3927,21.6621,12.8016,23,8.0571,19.3032,#N/A N/A,10.2714,12.7711,13.7714,20.7778,17.7918,13.6116,19.342,17.863,16.8753,15.7519,21.0231,16.7214,13.3774,23.0409,10.5847,17.8261,17.7451,#N/A N/A,16.2348,#N/A N/A,17.5516,10.3072,16.4107
10/31/2006,35.5614,21.0218,21.9396,11.8113,23.4272,8.3478,19.6467,#N/A N/A,11.5234,13.4765,15.5176,21.5556,18.4658,13.7507,20.2251,19.1416,17.8776,17.0752,22.0846,17.5344,12.5708,23.5651,11.5418,17.6739,18.409,#N/A N/A,16.1779,#N/A N/A,17.4134,10.9708,16.9522
11/30/2006,40.2105,21.3527,24.3214,12.0681,26.0971,8.9839,20.6396,#N/A N/A,9.8833,13.7076,15.4487,21.5657,18.0575,13.4145,20.2727,19.1644,18.4717,16.7331,22.5615,18.8476,12.967,23.342,11.6953,17.7826,18.0756,#N/A N/A,15.8546,#N/A N/A,16.2898,11.7988,17.1358
12/29/2006,30.6282,20.9931,21.8818,11.6597,26.534,9.2724,19.8908,#N/A N/A,10.1142,14.4982,15.9524,23.0114,17.5585,12.9144,20.3586,19.443,17.3563,17.3016,24.2764,18.8629,12.5728,22.8719,9.1,17.7914,16.8065,#N/A N/A,15.1273,#N/A N/A,16.318,11.6992,15.9315
1/31/2007,30.9495,20.1453,22.0591,12.1806,23.955,9.1904,20.4132,#N/A N/A,10.7641,15.4905,16.2808,23.8182,17.766,13.6176,20.2025,19.4518,16.5479,17.7579,25.0894,18.821,12.7379,23.0854,8.6186,17.3046,18.2849,#N/A N/A,15.6472,#N/A N/A,16.4448,11.313,16.116
2/28/2007,30.5451,19.6782,21.4951,12.2471,23.3694,8.652,19.885,#N/A N/A,9.4648,15.057,15.2726,22.5568,16.7686,13.2086,19.6962,19.1754,16.4989,17.5238,22.9024,22.2751,12.1165,22.5943,8.6034,17.2848,17.6425,#N/A N/A,15.2045,#N/A N/A,16.6552,10.9435,15.6652
3/30/2007,29.3091,18.4314,20.5335,12.6711,23,9.2566,19.3024,#N/A N/A,9.7009,13.9696,15.1543,21.4944,15.3333,11.7427,19.6721,18.6929,16.6152,17.1202,19.9071,22.6567,11.7488,21.6301,8.5712,17.1981,16.8831,#N/A N/A,14.9466,#N/A N/A,16.1897,11.0956,15.2832
4/30/2007,31.4826,19.8268,21.4781,13.7278,22.4706,9.7359,19.6108,#N/A N/A,10.2634,15.7137,16.4325,24.1573,16.341,12.6456,21.3893,20.0332,17.9935,19.938,21.3857,22.968,12.307,22.024,8.957,17.2273,17.4364,#N/A N/A,15.0491,#N/A N/A,16.2993,11.6735,16.1874
5/31/2007,38.347,21.2353,23.2309,14.8544,22.6218,10.199,19.8686,#N/A N/A,10.7608,16.1286,17.1383,24.9101,16.0992,12.5801,21.7172,20.9751,19.1217,20.3295,21.9071,22.6096,12.786,21.7637,8.9685,17.7825,18.3247,#N/A N/A,17.1579,#N/A N/A,16.1905,12.2309,16.8872
6/29/2007,34.1849,19,20.2869,15.6287,23.4034,10.1862,18.5543,#N/A N/A,10.1049,16.3278,16.3941,25.2766,15.405,11.0616,20.5137,19.1547,18.1569,18.6517,19.7785,23.2231,12.3527,20.1283,8.3204,15.6391,17.6883,#N/A N/A,15.7602,#N/A N/A,16.3639,12.1389,16.0224
7/31/2007,36.9076,18.1801,21.8207,15.7285,23.128,10.3096,17.9348,#N/A N/A,8.7804,15.75,17.2352,25.1277,15.125,10.0479,20.4353,18.0642,18.6025,18.5955,19.4564,22.49,11.3575,20.3487,7.8974,14.8104,18.197,#N/A N/A,16.3153,#N/A N/A,15.4195,12.3198,15.7598
8/31/2007,38.7899,18.205,20.4008,15.1238,25.536,10.6119,18.2609,#N/A N/A,7.2373,16.2331,18.176,27.3936,15.4475,10.1644,21.0902,18.5849,19.0356,18.7903,19.2819,20.9054,12,21.4836,7.86,15.2936,18.611,#N/A N/A,16.032,#N/A N/A,14.6409,12.4067,15.9337
9/28/2007,39.1684,17.4106,20.6673,15.1118,26.488,11.8157,18.1,#N/A N/A,8.912,13.7458,17.7143,24.3962,16.1029,10.2966,21.7689,19.5233,19.098,17.7021,18.5283,21.7662,11.5782,22.1893,7.4248,14.1608,19.2998,#N/A N/A,16.4105,#N/A N/A,14.6477,13.5322,16.7836
10/31/2007,48.4566,17.8739,19.4075,14.3757,24.6716,11.5543,18.2263,#N/A N/A,10.1941,13.7,17.4617,25.3774,15.973,10.5618,23.3939,21.3978,17.6245,19.9521,23.1509,24.5863,11.6635,21.9306,7.7006,14.3713,18.3669,#N/A N/A,17.0738,#N/A N/A,14.7822,13.4488,16.7905
11/30/2007,46.4847,17.2962,18.2165,13.8536,20.9104,11.0821,17.4474,#N/A N/A,9.1609,12.4174,15.8165,24.6038,16.6029,10.2517,23.5227,20.957,16.9918,20.3288,21.1321,23.1979,11.2607,23.3438,7.8333,16.0819,17.9305,#N/A N/A,16.0139,#N/A N/A,15.6618,13.0351,16.1176
12/31/2007,43.63,15.0347,16.7548,13.5121,20.2015,10.98,15.6699,#N/A N/A,8.6924,11.713,15.0348,22.7863,16.0723,10.1748,22.7296,20.244,16.8978,18.0466,19.3478,22.6996,10.3318,22.3161,8.006,16.6286,17.4749,#N/A N/A,17.0762,#N/A N/A,15.5408,12.8695,16.4133
1/31/2008,29.815,14.2543,15.9349,13.2477,17.6259,9.9412,14.5291,#N/A N/A,8.1152,13.3348,14.9291,18.1197,15.2434,11.0839,21.9148,18.4021,15.9619,14.3727,17.7174,21.8233,10.6318,20.0456,7.1577,14.5257,16.7603,#N/A N/A,15.1806,#N/A N/A,16.0081,11.8681,15.6023
2/29/2008,27.5374,12.2254,15.8602,13.4693,17.5324,10.1953,15.733,#N/A N/A,7.9638,11.8527,15.8359,17.0513,14.9301,9.4755,21.6519,18.5945,15.7114,13.7578,14.7935,17.654,10.1273,20.1155,6.9063,13.28,16.0982,#N/A N/A,14.1957,#N/A N/A,15.6022,11.9519,14.5433
3/31/2008,29.3456,12.3853,13.0245,14.0054,17.3309,9.3596,14.1991,#N/A N/A,7.7648,12.4866,15.0904,17.3607,15.2635,12.9367,21.6619,18.0485,15.5501,11.6055,15.5934,19.9413,9.8263,20.9164,7.0575,9.7062,15.1586,#N/A N/A,13.9391,#N/A N/A,16.5744,10.9987,15.3106
4/30/2008,35.5726,13.6034,14.8616,14.6476,18.1844,10.5428,14.6742,#N/A N/A,8.9845,12.8571,15.8191,18.2459,15.7859,14.3524,20.9502,19.2816,15.1081,11.633,15.6703,19.5894,9.4413,20.0149,7.4336,9.2175,15.9626,#N/A N/A,14.7814,#N/A N/A,17.794,12.1027,15.9639
5/30/2008,38.5992,13.1303,14.4956,14.7835,18.9504,10.8717,15.2036,#N/A N/A,8.4205,12.5931,16.9633,19,15.7035,12.9518,20.3772,19.1974,15.2377,11.9144,15.5604,19.3683,9.0892,19.7164,7.3466,9.6638,15.6476,#N/A N/A,14.7775,#N/A N/A,17.7204,11.5423,15.7487
6/30/2008,32.2,11.6625,11.4495,12.1215,16.4965,10.2832,13.8667,#N/A N/A,8.3484,10.7796,14.6153,16.3969,14.6895,13.0954,17.5017,16.9849,13.2552,11.4005,14.4789,16.8867,7.7301,17.5751,6.626,7.9066,13.0169,#N/A N/A,13.1914,#N/A N/A,17.2477,10.8401,16.7935
7/31/2008,30.5673,11.4923,10.6463,11.4154,15.4859,8.7718,13.4889,#N/A N/A,8.7847,10.9684,15.7805,16.9389,15.6324,15.5076,17.3401,18.0634,13.4076,9.9516,13.5368,16.6232,8.2611,18.9249,6.7359,8.4578,13.4979,#N/A N/A,12.6846,#N/A N/A,17.4547,9.893,16.7844
8/29/2008,32.6019,12.2848,11.4216,11.6141,16.9366,8.9544,14.3778,#N/A N/A,9.8599,12.7951,15.0099,17.458,16.0799,14.6908,17.532,18.7311,13.6381,10.7895,14.3632,16.6511,8.4558,20.1647,6.742,9.1717,13.8376,#N/A N/A,13.0871,#N/A N/A,17.5887,9.8413,17.0396
9/30/2008,16.9389,11.6931,9.837,9.8026,15.8873,7.1411,13.5796,#N/A N/A,7.6969,12.2148,13.7925,13.6715,15.4298,24.3229,17.1133,17.4788,12.697,9.4322,13.858,18.3791,8.0174,19.8547,8.5444,8.1903,12.1579,29.0948,11.8166,#N/A N/A,17.8329,8.6098,16.4028
10/31/2008,16.0343,9.0759,8.9657,6.278,12.5825,6.4589,11.4602,#N/A N/A,5.5622,11.9168,10.9634,11.6788,13.6615,21.4844,14.2589,16.4108,11.9517,9.2499,11.5942,15.8324,7.7,18.3875,8.0435,7.6548,11.1255,26.2322,10.9255,#N/A N/A,16.2238,8.2173,14.0559
11/28/2008,13.8107,7.6931,7.3122,6.7418,11.7116,6.8407,9.9646,#N/A N/A,16.9871,11.6743,9.6226,10.073,13.0468,16.4896,15.1683,16.6431,12.4405,7.9857,10.4986,14.2761,7.1435,18.3333,8.2514,6.7774,9.8239,24.91,12.0228,#N/A N/A,16.2442,8.8858,13.3304
12/31/2008,11.4564,6.7455,6.8823,7.8922,11.5417,6.5057,11.1225,#N/A N/A,18.1484,11.6289,9.3929,13.0893,13.1495,32.5052,14.3714,16.9455,11.1512,8.8733,10.3173,13.6729,7.2881,17.9188,8.626,8.9865,10.7847,24.8959,12.5823,#N/A N/A,16.2965,9.4698,16.0354
1/30/2009,12.098,6.0836,6.8242,5.4505,11.3389,6.2023,10.1373,#N/A N/A,17.3613,12.021,10.2288,11.5179,12.6791,26.299,13.5619,15.8093,10.4244,8.3333,9.0754,12.1314,6,15.7971,7.374,9.5709,9.6559,23.4245,11.0865,#N/A N/A,13.5485,9.0724,14.6782
2/27/2009,11.9879,4.3855,5.071,4.3481,11.0359,5.3395,8.2206,#N/A N/A,19.5871,11.6636,10.2712,11.375,10.989,23.5567,12.9683,14.2371,8.8101,7.0636,8.5712,10.4155,5.0658,13.9623,6.8989,6.6385,8.2153,26.918,10.5892,#N/A N/A,14.1581,8.0546,12.9575
3/31/2009,13.1072,6.8244,6.5132,6.0626,12.7022,7.0057,9.5774,#N/A N/A,20.8168,13.1544,10.7611,15.7174,11.5604,28.5115,13.9524,14.7858,10.8449,8.0585,10.0076,11.7598,5.8479,13.6098,9.0152,7.0038,8.9672,26.5014,11.0426,#N/A N/A,14.9804,9.3033,18.5483
4/30/2009,15.6895,12.6275,7.3315,7.7149,15.8453,6.8869,11.5498,#N/A N/A,25.2306,14.6954,11.463,16.4798,11.5077,35.398,13.7793,14.439,12.5636,7.3024,11.0372,13.1592,5.7362,14.289,9.1261,7.8705,10.1899,30.9627,11.0938,#N/A N/A,14.4501,9.1079,19.9599
5/29/2009,16.9339,12.4422,8.2101,7.6888,15.1728,6.9463,12.7734,#N/A N/A,28.3859,13.4522,11.804,16.4171,12.1231,39.5814,15.735,15.9834,12.4546,8.3086,11.3804,14.2533,6.522,15.0116,9.0196,8.9011,10.9764,32.2735,10.6989,#N/A N/A,14.2608,9.474,20.7987
6/30/2009,16.2221,15.2686,7.7336,9.1985,15.2876,8.606,13.0087,#N/A N/A,25.3055,13.7252,11.125,18.9519,12.7442,35.5461,15.3605,15.4485,13.6207,8.5806,13.6949,12.9367,6.7636,14.517,9.5625,8.1989,11.2297,30.9414,11.003,#N/A N/A,13.8881,11.8718,12.2193
7/31/2009,18.6093,18.6127,7.8082,12.2666,20.048,9.0243,14.0068,#N/A N/A,28.0276,15.5322,12.5644,22.0437,13.6619,40.2773,16.4794,14.7955,15.9822,9.2097,13.5509,14.1509,7.183,15.7699,10.0355,9.2099,11.7721,32.5317,11.4828,#N/A N/A,14.179,11.9533,13.3063
8/31/2009,19.1583,22.2196,9.0383,12.6146,19.6746,9.0853,14.5198,#N/A N/A,28.3983,16.3405,12.5772,23.269,13.5609,45.2898,16.1256,15.1126,16.3403,9.9524,14.202,13.8041,7.5302,15.3722,11.7481,9.1902,12.829,35.3346,11.114,#N/A N/A,14.4605,11.7427,13.7893
9/30/2009,20.4377,28.1565,10.4496,19.4665,21.4416,12.6619,15.3116,#N/A N/A,19.1696,15.9513,12.2304,23.306,13.652,28.1848,17.7557,14.9391,16.9184,7.7495,15.6345,16.1243,7.9303,16.4545,9.1989,7.8086,13.6541,33.5766,11.1299,#N/A N/A,13.9545,16.0351,15.3885
10/30/2009,20.7828,28.9373,9.2242,20.8811,22.166,13.7604,15.1046,#N/A N/A,17.695,15.3626,12.3326,22.7582,13.2395,26.8663,17.6684,15.3423,16.8657,7.578,16.7457,15.4963,8.1603,16.4773,9.3035,8.0923,13.7707,36.8075,10.8799,#N/A N/A,13.9243,16.7503,15.4067
11/30/2009,22.0408,34.743,10.1139,22.1439,22.6995,14.03,16.6774,#N/A N/A,17.642,16.7525,12.9196,22.8653,14.0892,27.3294,18.9577,16.5569,17.7529,8.8716,17.7602,16.3345,8.7066,17.7131,9.7893,8.9406,15.0682,39.3533,11.5674,#N/A N/A,15.2892,17.5449,16.4094
12/31/2009,20.5918,33.938,6.1882,28.6224,23.2234,15.456,17.2654,#N/A N/A,7.3,17.7138,12.8998,16.648,14.1939,16.8195,18.6249,15.5196,17.619,8.9195,15.8329,16.6315,10.4586,16.2984,7.8243,9.4169,15.4123,39.1409,12.8995,#N/A N/A,14.9809,17.0103,16.0959
1/29/2010,18.7617,31.5426,6.9279,26.2368,20.5666,14.4784,15.8199,#N/A N/A,6.4301,16.8619,12.0612,15.8319,13.8524,15.7176,17.7263,15.5171,17.1544,9.3198,14.6333,16.0475,10.7288,16.5457,7.9514,10.1955,14.9838,36.7108,11.4549,#N/A N/A,14.4992,16.0724,15.432
2/26/2010,19.9824,31.9865,7.2205,28.6526,22.2691,14.5145,16.7247,#N/A N/A,6.76,18.7823,12.5312,16.7541,13.8832,16.9406,17.2264,15.8701,17.0819,9.0025,14.8826,17.7649,10.0906,17.0108,8.2527,10.4612,15.2436,38.1653,11.2642,#N/A N/A,14.6729,16.2146,15.8274
3/31/2010,19.9431,25.4416,8.4647,30.633,23.8251,11.4224,18.6894,#N/A N/A,6.8365,19.4746,12.3534,14.6101,14.368,12.945,17.9714,15.81,15.7872,10.6942,15.0474,19.3154,9.8606,16.6939,8.0334,9.5054,16.0648,37.4176,12.8746,#N/A N/A,15.0881,15.0147,15.4605
4/30/2010,22.1664,28.4383,8.4437,33.187,22.0251,12.2674,19.2668,#N/A N/A,5.8176,20.1668,12.4256,14.9842,14.0622,12.3173,16.677,16.727,16.7506,10.0328,15.7003,19.9487,10.6137,16.4011,7.5568,8.8188,16.3573,37.0888,11.9906,#N/A N/A,14.1743,15.2097,15.5775
5/31/2010,21.8302,24.5845,7.4819,29.6144,18.9488,11.1271,17.4782,#N/A N/A,5.7799,19.3716,12.0654,14.0588,12.75,11.4495,16.0374,15.8455,14.9824,9.6463,13.2635,18.7028,9.6679,16.1187,7.3676,8.458,14.7052,29.7845,11.422,#N/A N/A,13.3579,13.5531,14.3036
6/30/2010,18.9405,17.5538,7.6281,24.3602,17.4352,8.1833,16.4741,#N/A N/A,6.1519,16.0591,11.6589,10.6428,12.9162,9.0953,15.638,15.0241,14.0657,12.0999,11.0416,17.4548,9.0521,16.388,7.3072,7.6976,13.9457,26.2571,12.6024,#N/A N/A,12.7,10.7499,12.9332
7/30/2010,19.3712,19.7381,8.2834,28.2857,17.241,9.1902,16.3344,#N/A N/A,7.0681,15.8166,12.1234,11.272,12.3687,10.007,16.4712,15.9045,15.232,11.9234,12.3852,19.0284,9.6706,16.7104,7.4852,8.2532,15.2756,27.222,13.9879,#N/A N/A,13.2444,11.2416,13.6947
8/31/2010,18.3261,17.629,7.4312,26.4243,14.9841,8.943,15.8011,#N/A N/A,6.4176,15.4283,11.6353,9.6961,12.1408,9.0332,16.7132,16.664,13.9873,12.1656,11.2671,17.6322,10.2702,16.3033,7.2671,8.5974,14.0102,25.6002,14.2045,#N/A N/A,12.9727,11.1436,13.1043
9/30/2010,18.7294,16.0087,8.1363,24.1651,16.3666,9.5706,16.0532,#N/A N/A,7.6212,17.5752,12.2643,9.6345,13.1927,8.4066,17.4903,16.4593,15.0119,21.4513,10.624,20.1864,11.0696,16.1644,7.5073,8.9137,14.8656,25.0217,15.879,#N/A N/A,13.8473,10.7105,13.2762
10/29/2010,19.8594,15.7916,8.6377,24.1405,16.5784,9.7548,17.501,#N/A N/A,8.4841,16.2575,13.1292,10.0553,13.3949,8.3095,17.8466,17.1794,14.5808,21.1424,11.5567,20.5139,12.0115,17.1348,7.954,9.1523,15.6044,26.3392,15.8205,#N/A N/A,13.7411,11.5217,13.6117
11/30/2010,20.538,16.4619,7.7976,25.9833,13.9134,9.5611,17.6948,#N/A N/A,8.2305,15.9048,12.9335,10.5814,12.9489,8.2543,18.385,17.2965,14.5392,20.0876,10.9363,20.7542,11.2452,16.4609,7.7796,9.2716,15.7088,24.8835,15.5964,#N/A N/A,13.7208,12.0573,13.474
12/31/2010,18.0101,14.4825,16.2791,21.6053,14.6904,9.6239,16.6253,#N/A N/A,11.5488,18.4582,12.8328,10.3247,12.9794,8.2306,19.5468,16.6732,14.9928,29.0497,11.9922,20.5831,11.9035,17.2005,8.766,8.5337,15.9786,22.0816,17.5476,#N/A N/A,13.6803,11.5163,13.4716
1/31/2011,18.9458,14.6378,17.3317,22.3781,15.8054,10.0121,17.2281,#N/A N/A,11.237,18.203,14.1654,10.5358,12.5429,8.7195,18.679,16.002,15.2742,26.7364,11.9085,19.8747,12.3862,16.8797,8.8526,9.7011,16.5023,21.9153,17.4692,#N/A N/A,13.7462,12.707,13.7519
2/28/2011,19.7214,14.7019,17.9628,23.7437,13.8699,10.9423,19.3866,#N/A N/A,11.248,18.5495,14.1549,10.5407,12.8934,9.0591,18.997,16.4386,16.023,26.2527,11.4167,21.0972,13.0796,16.8583,9.43,10.0627,16.957,22.9193,18.1067,#N/A N/A,12.7435,13.4709,14.1386
3/31/2011,16.6087,14.1213,18.0965,19.5894,12.8162,10.3952,19.0985,#N/A N/A,12.4567,18.3465,13.7796,9.9025,12.4338,8.5148,19.7191,16.0994,16.0103,20.212,10.4411,17.9384,13.807,16.2105,8.4666,10.2391,16.7395,21.3619,18.6444,#N/A N/A,12.7606,11.8209,13.5959
4/29/2011,16.5982,15.3335,19.5285,20.3036,13.357,10.5897,19.0214,#N/A N/A,11.8703,17.7703,14.4142,10.6829,13.6397,8.428,19.6393,16.5691,16.6455,22.0122,10.7128,19.5071,13.4362,17.0789,9.0075,11.152,17.7144,22.6677,18.2767,#N/A N/A,13.1542,12.3647,14.0839
5/31/2011,16.5791,16.1207,19.1001,18.613,12.7789,10.1513,18.3726,#N/A N/A,11.0622,17.3589,14.2748,10.3697,13.9656,7.9865,19.4501,17.2525,16.161,22.502,10.297,19.1932,13.7503,17.6316,8.8367,11.0886,17.3564,23.5207,17.8655,#N/A N/A,13.2117,11.7282,13.8192
6/30/2011,13.2886,14.931,17.366,16.6896,11.8738,8.9445,17.2296,#N/A N/A,10.3845,17.3301,13.8999,10.2084,13.8058,6.9654,19.5898,17.0589,16.0763,15.9575,9.9673,20.45,13.2054,16.1756,12.1474,11.1896,17.1849,22.1779,17.799,#N/A N/A,12.714,10.6933,13.3454
7/29/2011,15.4584,14.4516,16.5532,15.4872,12.4046,9.0471,16.2394,#N/A N/A,10.5312,15.5716,14.7344,10.1219,13.2785,6.882,19.1852,17.4959,14.7695,15.4329,10.504,20.4886,12.2123,15.6463,11.4711,10.7666,16.084,22.5148,16.8715,#N/A N/A,12.1983,10.4844,12.9933
8/31/2011,15.2348,14.3563,15.7053,14.2659,12.1794,8.6027,14.3219,#N/A N/A,9.0682,14.8806,13.9291,9.1247,13.4855,6.3903,19.8735,18.3011,14.0644,14.9762,10.1973,18.7554,12.0473,16.2036,10.4994,10.3088,14.4162,23.1307,17.2922,#N/A N/A,12.314,9.7288,12.4265
9/30/2011,13.7759,12.4191,13.3321,10.5185,12.0318,6.9893,12.0069,#N/A N/A,11.4571,14.6532,13.7241,9.1367,13.0391,5.44,18.4099,17.2285,12.1885,13.7364,9.3192,18.5087,10.8333,16.1173,12.8712,9.9818,13.3535,21.3064,17.6762,#N/A N/A,12.0109,8.7505,11.2796
10/31/2011,14.6288,14.0012,14.4954,13.4559,14.1498,7.9359,13.886,#N/A N/A,13.2748,15.3438,14.4768,10.5117,13.1783,6.278,18.617,18.2153,13.416,14.4881,9.9706,20.855,11.8014,16.324,15.4121,10.3865,14.7997,23.1806,17.7627,#N/A N/A,12.9087,9.4083,12.3484
11/30/2011,13.8128,13.2876,15.1343,13.943,14.2338,7.7674,14.2721,#N/A N/A,11.6159,16.8096,14.741,10.6701,13.2458,5.5935,18.32,18.7391,13.7589,15.013,9.5775,20.4638,12.2977,16.4719,14.8575,10.5553,14.5377,24.1027,18.123,#N/A N/A,13.4048,9.6914,12.4421
12/30/2011,11.5352,12.7215,15.3615,11.1369,13.8062,8.1213,14.1228,#N/A N/A,15.057,18.0182,13.7251,10.1366,13.1515,6.4343,18.1342,19.0107,13.7131,14.047,9.7389,20.5043,13.1344,17.1841,17.9398,10.8207,13.713,23.5818,18.6394,#N/A N/A,13.6006,10.0665,12.8168
1/31/2012,13.0014,13.5225,15.5353,13.4135,14.2734,7.8679,14.6501,#N/A N/A,18.5602,17.8689,14.376,11.0437,13.2177,7.2181,17.5018,18.7682,14.5487,14.2557,11.0782,22.1255,12.9887,16.2387,17.676,11.0577,14.6999,23.3751,17.4965,#N/A N/A,13.2466,9.9454,13.212
2/29/2012,15.4497,14.2641,15.6966,14.0392,14.4552,8.3289,15.8138,#N/A N/A,19.1713,19.149,14.6842,11.236,13.0512,7.5935,18.1057,18.8117,14.698,14.2221,11.9073,22.2975,12.8066,17.3927,17.576,11.9032,15.7355,27.0286,17.7056,#N/A N/A,12.7544,10.2732,13.5458
3/30/2012,14.6177,14.7124,14.261,12.2735,15.3786,8.1893,15.9509,#N/A N/A,18.4162,20.252,15.0441,11.9165,13.1642,8.7023,19.1015,18.3106,14.6246,13.8792,11.8503,22.405,13.7422,17.3241,17.2049,12.3355,15.5023,24.0415,17.1248,#N/A N/A,13.212,10.4746,13.5754
4/30/2012,14.2463,15.3099,14.727,11.8414,14.0731,8.1373,15.7068,#N/A N/A,17.0509,19.6474,14.9309,12.0395,12.9906,8.1345,19.6977,18.1893,14.6492,14.1828,11.7658,23.1136,13.906,16.4039,18.6928,11.7516,15.2593,25.0561,18.0879,#N/A N/A,12.3983,10.4275,13.5676
5/31/2012,14.0875,14.1962,13.3482,10.0958,11.4051,7.5073,16.6541,#N/A N/A,14.1708,18.7179,13.9085,10.9542,12.4597,6.274,19.2874,16.6755,13.8377,13.5828,10.7259,22.3821,13.2631,16.0559,18.161,11.672,13.8518,23.471,18.6523,#N/A N/A,13.8526,9.4964,12.7254
6/29/2012,13.7283,14.1811,14.1419,9.0476,11.9918,8.2698,16.2906,#N/A N/A,13.9412,20.1026,13.7067,11.3121,13.4109,7.3318,19.816,16.622,14.5455,15.4221,11.0201,18.1614,13.5049,15.8696,11.3779,12.0841,13.5573,27.0347,19.3014,#N/A N/A,14.6734,10.8328,12.9361
7/31/2012,14.3573,14.0593,14.0676,8.9731,10.5232,8.5896,16.5055,#N/A N/A,14.6742,18.8186,13.7347,10.9088,13.7404,7.3872,20.4774,16.7779,14.8101,16.316,10.6166,19.3138,14.1156,16.7221,11.1658,10.5535,13.3616,28.2243,19.6054,#N/A N/A,15.4419,10.9948,13.0978
8/31/2012,15.638,14.2031,13.5899,9.0924,12.5882,8.7918,16.6164,#N/A N/A,15.3752,20.4668,13.6555,10.5395,13.3851,7.6211,18.9568,16.8023,15.0325,15.9023,11.1029,20.5691,14.0099,17.4087,11.5383,11.2165,14.3327,28.045,18.6499,#N/A N/A,15.0622,11.0518,13.0799
9/28/2012,15.1101,13.3455,13.5322,8.7279,12.5948,10.0671,17.0313,#N/A N/A,9.696,21.7723,14.0332,9.9168,13.6532,7.6974,19.3833,17.2652,14.6932,16.5874,11.3351,20.0515,15.0099,17.7517,9.7166,10.7003,14.2131,27.807,19.1186,#N/A N/A,15.3112,11.6361,13.051
10/31/2012,13.476,13.1366,13.6916,8.6031,10.9743,9.5186,15.9856,#N/A N/A,10.4389,21.8997,13.1592,9.4555,14.0316,7.9256,19,16.3337,13.9269,16.7824,10.8613,19.3057,15.0219,17.721,10.0981,10.8142,14.1895,28.7348,18.7284,#N/A N/A,15.248,11.6005,12.7499
11/30/2012,13.2536,13.1202,14.438,8.6467,12.1076,9.1282,16.1778,#N/A N/A,10.0466,23.2162,12.8575,8.5569,13.8157,7.8115,19.3782,16.3789,14.4595,16.2932,10.1324,20.0852,15.1125,17.872,10.081,10.5033,14.5436,31.0023,18.5103,#N/A N/A,14.6382,11.2149,12.6809
12/31/2012,12.0868,13.7969,14.7488,10.4074,12.5814,8.9253,16.3849,#N/A N/A,8.2388,22.0673,12.6186,9.7363,13.7219,7.4482,17.827,16.4414,14.5305,16.5983,10.1717,21.2638,15.1257,16.7831,11.3136,10.4655,15.0859,27.3612,19.7792,#N/A N/A,13.8679,10.8779,12.7896
1/31/2013,10.3245,14.1161,14.4572,11.4309,12.5298,9.5038,17.7308,#N/A N/A,9.5499,23.8763,13.3775,9.9298,14.4697,7.9699,18.3139,17.761,15.7355,17.5349,10.4533,22.2734,16.4525,18.5803,12.3596,10.6527,16.1087,28.5038,19.9346,#N/A N/A,13.9621,11.3077,13.5149
2/28/2013,10.0091,14.9178,15.0502,10.7315,12.7003,9.6689,17.9645,#N/A N/A,9.6726,23.0502,13.2299,9.8402,14.8984,8.2867,19.0417,17.8747,16.2754,17.3241,10.5789,21.3849,16.5068,18.8324,12.6684,10.3131,16.6569,28.6355,21.2694,#N/A N/A,14.1277,11.2549,13.6823
3/29/2013,10.5665,15.9483,16.1647,11.3979,12.7369,9.8112,17.468,#N/A N/A,9.4327,23.4809,13.9607,10.9838,15.8075,7.9777,19.7988,18.4778,16.6892,18.9674,10.2083,23.1715,17.8504,18.8058,12.7013,11.3949,16.5947,28.8165,21.5792,#N/A N/A,14.9361,11.157,14.1906
4/30/2013,10.5693,16.1729,17.2115,11.0965,12.4293,10.0746,19.3255,#N/A N/A,9.3635,24.6822,13.2564,12.0394,16.5248,8.2383,20.7241,18.9319,16.438,20.1553,11.8104,24.9739,17.9803,18.7351,12.8854,11.9367,16.2146,28.5823,23.6691,#N/A N/A,15.3597,11.0184,14.4445
5/31/2013,10.7348,17.8987,18.6444,11.2446,14.3068,10.1357,19.3994,#N/A N/A,10.3897,24.9714,13.6151,12.2053,16.3213,9.1762,19.5785,17.8995,17.3108,20.0267,12.4455,22.9219,16.8422,18.7326,12.6304,12.4745,16.8558,30.2247,21.285,#N/A N/A,14.7905,11.2016,14.6934
6/28/2013,9.8921,17.1912,18.7989,12.7999,14.4434,10.4032,19.3119,#N/A N/A,8.6398,24.5937,12.3568,13.1925,16.0599,8.1763,19.5571,18.1481,17.0327,22.0804,13.0432,23.6729,17.7235,18.8868,9.9012,12.7131,16.2968,26.0294,21.2615,#N/A N/A,14.7213,11.5429,14.5491
7/31/2013,11.3012,16.9635,19.287,12.865,14.7005,11.0669,19.7706,#N/A N/A,9.3698,25.0889,12.6109,12.6914,17.489,8.6317,19.5425,17.9794,18.2913,22.898,12.0233,23.3903,18.4955,19.6988,10.3509,14.144,18.5115,25.2118,20.8983,#N/A N/A,15.2524,11.9773,15.0688
8/30/2013,12.1641,16.5358,19.0705,12.8076,13.4117,10.5869,18.6024,#N/A N/A,8.69,22.0385,11.7852,11.9724,16.1628,7.8263,18.6161,17.2975,17.6916,22.4797,12.6163,21.5137,17.8501,19.1076,9.8987,13.9285,17.5523,24.8429,20.0114,#N/A N/A,14.2818,11.1353,14.3333
9/30/2013,12.03,16.7661,20.9475,14.9808,13.475,10.5336,19.13,#N/A N/A,9.2259,22.4408,11.795,12.7242,15.8622,7.9073,18.2597,17.3628,18.2305,23.6369,12.1714,24.8767,17.205,18.5782,10.4115,13.7374,18.2145,25.1695,18.6746,#N/A N/A,14.4736,11.4303,14.8396
10/31/2013,13.1807,18.1603,23.2651,14.9791,12.6386,10.4,20.3462,#N/A N/A,9.3804,23.0444,11.4147,13.5624,16.9454,7.8844,19.0743,17.4187,19.2137,22.3858,12.9168,25.9452,18.3856,19.8465,10.5994,13.0947,17.9493,25.9031,20.2155,#N/A N/A,14.8166,11.9059,15.2369
11/29/2013,14.0315,19.0484,23.9336,15.2019,11.9364,10.6151,20.9246,#N/A N/A,9.8516,21.8027,11.4447,13.2349,17.3205,8.7533,19.3732,17.5721,20.3832,24.739,13.9326,26.9184,19.0148,20.6993,11.1448,14.288,18.7281,26.7974,19.8593,#N/A N/A,15.639,12.4187,15.7332
12/31/2013,13.9207,18.4171,21.6955,16.2012,12.6105,11.1973,21.0201,#N/A N/A,10.351,22.2541,11.4274,14.0487,16.5974,9.3363,20.0695,17.4514,20.8705,24.2936,13.5869,26.7483,17.3473,20.41,9.048,13.8886,18.195,28.3353,17.3051,#N/A N/A,15.1911,13.7313,15.701
1/31/2014,12.4195,17.258,19.9105,16.7543,12.7234,10.0068,19.9774,#N/A N/A,9.5837,20.4933,10.764,13.2802,16.032,8.8382,18.3739,16.9371,19.0759,25.7109,13.7393,24.7789,17.217,19.2091,8.1226,13.3316,18.2302,27.4127,16.9107,#N/A N/A,14.8006,12.5047,14.887
2/28/2014,13.0556,18.5287,20.4922,17.3002,12.6596,10.3385,22.2335,#N/A N/A,9.7197,21.8747,11.2812,13.3993,16.6935,9.0712,18.5585,17.1133,20.0491,27.6622,13.9063,26.4527,18.1855,19.7205,8.3784,14.2519,18.7098,28.7501,16.7557,#N/A N/A,14.8046,13.0624,15.4711
3/31/2014,12.8427,17.6339,20.4057,17.0516,13.0138,11.3777,20.2478,#N/A N/A,9.6656,21.1013,11.6717,13.9716,17.4391,10.2565,19.1599,17.7913,19.6609,27.788,15.4345,24.9527,17.5714,20.1564,8.1019,15.2747,18.3452,25.5334,15.8428,#N/A N/A,15.1474,13.2898,15.5015
4/30/2014,14.1192,17.1247,20.9797,18.0864,13.5658,12.0102,20.0632,#N/A N/A,9.4279,21.2027,11.913,14.4479,17.9823,9.4574,20.2156,18.3993,20.158,28.6642,15.2123,24.6453,17.1119,20.644,8.6237,13.9799,18.5791,23.9661,15.563,#N/A N/A,15.9237,13.9333,15.6231
5/30/2014,15.1459,17.9218,21.9927,17.5424,14.4522,11.749,21.2441,#N/A N/A,9.4273,20.6778,11.1787,14.789,18.0125,9.3881,20.275,18.4083,20.6594,28.3215,15.4157,25.8087,16.2092,20.2039,8.8969,14.835,18.2478,25.4115,16.6387,#N/A N/A,15.3364,13.6776,15.7372
6/30/2014,15.0422,18.9375,18.233,17.5123,14.5872,12.6501,20.3966,#N/A N/A,9.4547,20.866,10.7034,15.3422,18.0027,9.9094,20.9417,18.217,20.1746,26.9118,15.7887,26.0235,15.9967,18.8583,9.6194,15.2845,18.8145,24.1117,15.3959,#N/A N/A,14.9968,12.8255,15.552
7/31/2014,15.4695,17.5662,17.2657,16.236,14.3296,12.5232,20.4299,#N/A N/A,9.7613,20.8376,11.3175,16.8268,17.2232,9.918,19.4239,17.0995,19.8437,26.3955,16.3415,25.8826,15.4685,18.5536,9.1582,15.1536,17.1359,24.146,15.8647,#N/A N/A,14.8487,12.6038,15.3081
8/29/2014,16.5912,17.8756,18.1714,17.5767,14.1933,12.5436,21.3815,#N/A N/A,10.1137,22.5301,11.3547,17.3382,17.8496,10.2241,20.6253,16.9476,20.2817,27.9632,17.2009,24.4704,15.8404,19.9429,9.6849,16.2062,17.5971,24.3188,15.6759,#N/A N/A,15.2362,12.6701,15.7559
9/30/2014,15.7189,16.9663,17.3846,15.3324,14.2956,11.3757,20.6361,#N/A N/A,9.6614,22.106,10.103,16.2789,17.9246,10.412,21.0684,17.6884,19.4082,27.3623,17.3995,27.7882,15.9121,20.0042,9.1456,15.9455,16.4562,23.5389,15.1514,#N/A N/A,15.4319,11.8302,15.1912
10/31/2014,16.85,17.4334,17.0475,15.7008,13.9494,11.4358,21.1808,#N/A N/A,9.9993,22.3483,8.7496,15.9002,18.1247,10.4535,20.6832,17.4869,21.0644,26.7438,17.6209,28.9626,16.1166,20.8475,9.8135,17.5651,16.6744,26.6345,15.2302,#N/A N/A,15.3606,12.1648,15.5008
11/28/2014,18.5553,17.9121,18.3372,15.5754,15.7565,10.3794,21.4428,#N/A N/A,9.9162,22.7791,8.6309,17.415,18.2037,10.3982,22.1401,18.0616,21.9301,27.8793,17.9437,29.5506,16.7624,21.6024,10.1689,18.2343,17.1544,28.4835,15.3332,#N/A N/A,17.6303,11.3887,15.8579
12/31/2014,14.9215,18.152,17.3565,14.3522,15.8562,12.0796,20.7032,#N/A N/A,10.7533,24.0556,8.8771,15.5546,17.5001,10.8146,21.1576,18.3625,21.9386,28.0565,17.6279,28.6161,16.652,21.959,9.8808,18.1776,18.0135,27.9013,13.9704,22.7445,17.296,12.2811,16.0538
1/30/2015,15.8381,15.7425,19.4116,12.5396,14.6708,11.0405,19.9932,#N/A N/A,9.5649,22.2946,8.4826,14.1616,16.7587,9.3976,20.6314,18.1156,21.6689,29.7807,15.3319,27.4554,16.7054,20.3197,9.598,19.1055,17.9791,27.1256,13.6509,22.0132,16.9635,11.6129,15.4247
2/27/2015,17.3656,15.9181,20.1434,12.999,16.4208,11.4873,22.877,#N/A N/A,10.5291,24.5002,8.9601,14.2516,17.1553,10.59,21.6988,19.3816,22.5167,28.9211,16.6412,27.7486,18.3466,20.5222,10.0293,20.4325,19.0959,28.8707,14.7678,18.1122,16.7539,11.7617,16.2811
3/31/2015,15.3999,14.8077,18.5435,11.9332,15.3163,13.2965,22.5739,#N/A N/A,9.4056,24.2568,8.7748,13.2692,17.0081,9.9684,20.3207,20.2913,21.8477,29.2574,15.8271,28.6657,19.2697,19.9985,10.3265,19.8832,18.1428,27.8329,13.7938,18.461,16.4186,12.883,15.4217
4/30/2015,15.489,14.6807,17.7108,12.9546,15.8881,14.0666,23.3982,#N/A N/A,9.8285,22.8412,9.3647,13.8123,16.7715,10.4094,19.259,20.106,20.7139,30.3161,18.9357,28.24,18.7934,19.4054,9.6561,18.7251,17.6088,28.1052,14.3072,18.0795,15.801,13.2422,15.4724
5/29/2015,16.1239,15.111,17.3623,12.7219,16.1526,13.0457,23.7533,#N/A N/A,10.3173,22.7987,9.275,14.6228,16.9304,10.8241,19.449,19.9769,21.0702,30.9931,18.2428,27.4784,19.2476,19.1321,9.657,20.2059,18.1382,29.2243,14.0236,16.93,15.0357,12.9133,15.6278
6/30/2015,14.4905,14.0945,16.7839,13.2951,15.1331,15.7458,23.6485,#N/A N/A,10.4918,22.7393,9.0939,12.828,17.2439,11.0971,18.6275,20.2596,20.1436,31.9188,17.763,29.1946,18.6363,19.8655,8.7545,19.6975,16.5919,27.4169,12.735,16.6539,14.3595,14.9968,15.4556
7/31/2015,14.014,13.7935,17.4433,12.3249,15.8153,14.4417,24.8626,#N/A N/A,10.3048,23.0051,9.0565,12.2101,17.7305,11.2232,19.5344,21.2803,19.7572,33.057,18.789,31.1405,20.0425,19.4745,9.6113,19.6007,15.0035,30.7608,12.7842,19.0581,14.8719,14.2776,15.5093
8/31/2015,13.0273,13.9132,15.8111,11.9816,14.4018,13.2192,21.1084,#N/A N/A,9.4772,22.8931,8.2682,12.0371,16.6282,10.4977,18.6974,20.2489,18.5561,30.192,17.5095,28.2911,17.9082,17.9435,9.0162,18.6804,13.7022,29.1113,12.571,19.0567,13.374,13.562,14.5243
9/30/2015,11.9757,13.8452,14.6753,11.434,14.6077,17.5799,21.1747,#N/A N/A,9.3006,22.7024,9.2856,12.9543,16.9664,9.3136,19.0779,20.7557,18.3402,26.6434,17.9071,31.1316,17.2325,18.2611,8.8262,18.667,13.7775,27.5588,11.4199,18.297,13.3967,15.9281,14.8233
10/30/2015,12.9746,13.6827,16.5939,12.7688,15.4367,20.2544,22.0676,#N/A N/A,10.0361,23.4003,8.9724,14.5532,18.3623,9.8146,20.3322,23.6459,20.3376,29.4863,21.2975,33.1722,18.5547,19.3881,10.011,18.9518,15.2359,30.6921,12.3045,18.6449,12.2096,17.7255,16.1322
11/30/2015,12.8443,13.3801,16.3002,12.7093,14.5806,20.3524,22.0152,#N/A N/A,10.171,25.3383,8.9302,14.9443,18.4005,10.1858,20.4618,24.0483,20.2561,28.5962,21.9894,32.1849,17.9786,18.9972,10.16,18.136,14.8705,31.2579,11.9291,18.9876,12.5508,17.4942,16.1156
12/31/2015,11.2247,12.9695,15.7074,13.0477,14.5298,27.2659,19.0874,#N/A N/A,9.8777,25.0299,9.0901,14.6909,18.1076,10.3089,21.1426,23.7871,19.5112,24.9355,22.4935,30.4136,18.9867,20.4767,10.3698,19.8878,16.4268,29.9672,11.6093,19.2418,13.0756,20.2468,15.9731
1/29/2016,10.3801,9.9766,13.0502,11.9495,12.2314,26.2081,17.4053,#N/A N/A,8.8545,23.253,8.2427,13.2282,18.4108,9.2894,21.1229,24.9227,19.5578,23.9205,22.3354,30.1752,17.9339,21.0646,9.835,19.4686,14.9939,28.7848,12.5512,18.0137,15.0882,20.2208,15.051
2/29/2016,10.3108,10.3644,12.8384,12.9978,13.4602,25.2898,17.3508,#N/A N/A,8.1952,22.9497,8.6548,12.6184,18.5465,8.7898,21.2262,23.5958,20.3181,23.7033,20.6285,28.5139,17.4516,20.7036,9.8791,20.1346,16.5208,27.9733,12.7421,25.0417,15.0837,20.8182,15.087
3/31/2016,12.1773,11.5682,13.3839,19.3842,14.6376,49.8597,18.0393,#N/A N/A,10.6622,24.6712,10.1283,13.7954,19.0736,9.6019,22.8306,23.6768,21.4643,23.6358,23.0142,28.4583,17.4339,21.3108,11.0191,21.1185,17.1916,29.0308,13.8107,26.7229,15.5725,26.8778,16.8572
4/29/2016,10.4735,12.3275,14.2126,19.6831,13.9271,53.4032,18.2565,#N/A N/A,11.1465,23.5521,9.7598,12.8353,19.1306,10.2472,22.7242,23.8294,21.5609,24.498,20.7807,27.287,17.2485,20.7438,10.3762,21.5739,17.9249,29.3193,13.0088,25.1495,15.379,28.4244,16.8646
5/31/2016,11.1572,12.3897,13.3006,18.3636,14.7174,52.7865,17.5422,#N/A N/A,10.832,23.2407,10.2814,13.3906,19.2347,10.5828,22.6227,22.9948,21.682,25.1323,22.085,25.5648,18.2979,20.982,10.7765,21.9,17.274,29.9646,12.9986,25.9281,16.2783,28.6238,16.8698
6/30/2016,11.2239,11.1924,13.0323,20.8351,14.5351,64.4899,17.2947,#N/A N/A,10.5078,22.4615,10.8371,13.9035,20.7043,10.3282,22.993,22.0096,22.6233,23.0213,19.0728,25.5556,18.5668,22.4308,11.5195,22.4297,17.8036,27.2954,14.6259,27.8945,16.7934,37.1984,17.2405
7/29/2016,12.2348,11.874,13.4126,22.7452,14.9618,63.0442,16.5095,#N/A N/A,11.2312,23.5486,11.4683,15.6357,20.5133,10.6324,22.5082,21.5176,23.0419,23.4409,21.1266,25.6944,18.0623,22.6745,11.2466,22.7474,18.689,28.7233,14.5132,26.5478,16.8206,35.2976,17.6513
8/31/2016,12.4567,12.0803,12.9901,22.5226,15.4077,61.8753,16.2531,#N/A N/A,11.9844,22.8468,11.3441,16.0977,19.5485,11.2191,22.4051,21.1537,23.1556,25.0913,21.4173,25.964,17.0389,23.1302,11.4875,21.6116,18.4772,29.7722,13.7065,20.8073,16.4679,34.5794,17.6361
9/30/2016,13.7593,11.8177,13.0701,25.816,15.5449,101.2233,16.2845,#N/A N/A,10.1706,21.9201,11.7397,16.0121,18.7308,11.7465,22.0081,20.2988,22.5818,22.8518,21.0261,23.7162,17.0567,24.1683,11.6491,20.9141,17.3509,28.7172,14.1043,20.7841,16.6247,40.785,17.4491
10/31/2016,13.8189,12.2569,14.1307,24.2717,14.8603,103.0231,16.2547,#N/A N/A,11.2409,19.9285,11.3584,14.7905,18.3914,12.2175,22.0497,19.8079,21.1812,21.5007,21.873,22.6036,15.9689,23.3739,11.0013,21.1128,17.4534,28.6513,13.0515,21.3281,16.2083,38.9346,17.1864
11/30/2016,13.4513,13.294,14.9373,27.7906,14.4437,109.7209,17.3823,#N/A N/A,13.8297,21.1356,11.9888,14.7184,17.6478,14.142,20.9836,20.9868,22.0065,22.4051,21.9971,22.0573,16.1855,22.2052,11.527,23.6509,18.3961,26.849,13.5399,21.6211,16.3032,40.7944,18.1355
12/30/2016,13.8619,14.495,14.6686,28.066,14.6375,110.8497,18.5072,23.1208,14.1208,21.9,12.0692,15.2397,18.1021,14.1461,21.6782,21.1737,23.0485,21.1295,22.6663,22.3921,15.6813,22.3457,11.9258,22.3766,17.1726,25.6221,14.5724,21.1184,16,37.8678,18.3335
1/31/2017,14.5238,14.9451,15.3979,28.9497,14.8693,104.8693,19.649,24.0946,13.5234,21.5382,12.6894,15.4708,17.7941,13.8739,21.7357,21.3215,22.5645,22.2493,23.5819,23.304,15.3192,23.2812,11.4737,22.6646,17.1804,27.1624,13.3794,20.9091,15.4134,35.1953,18.3953
2/28/2017,16.3957,15.6651,16.9818,29.2523,16.5441,105.9524,19.5496,25.1573,14.6285,22.6857,13.0748,15.2103,19.2019,14.8559,21.9396,22.2052,24.0527,23.6419,23.3375,23.8167,16.4731,24.2034,11.9082,23.1232,17.6316,28.8799,13.5487,19.5279,16.3811,34.1171,19.2575
3/31/2017,16.8144,15.71,16.0618,23.6974,16.3602,45.2288,19.6471,23.6635,11.7621,22.9863,13.1729,13.8895,19.3134,13.625,22.4885,21.7197,23.9631,20.3148,23.2246,23.2208,17.0248,23.9029,11.8533,21.2018,17.5375,28.4081,13.3378,18.7751,16.6467,28.2447,18.3234
4/28/2017,16.8132,15.7378,16.7856,26.1244,16.0749,44.9465,20.0301,23.3879,11.459,23.5882,12.1252,13.9203,19.1459,13.4947,22.8648,23.4491,24.5267,19.9279,24.1415,23.0875,16.8805,23.2325,11.9635,22.607,18.5972,29.1593,12.5608,19.5641,17.2828,28.1207,18.4715
5/31/2017,17.8795,15.2791,17.0399,26.9342,14.8765,43.5901,18.7028,23.075,10.8169,23.1968,11.5458,13.9049,19.8871,12.7424,24.0941,25.2858,25.6088,20.8167,24.6281,21.1116,16.2484,23.4347,12.2772,22.6458,18.9551,30.4411,12.7605,17.8757,18.069,27.7246,18.4995
6/30/2017,16.384,16.9681,17.9492,24.742,14.768,38.803,18.5207,22.5207,11.4153,23.1802,11.6497,9.6122,20.3398,13.3815,22.5553,24.5758,25.9368,18.4832,23.1718,23.506,17.0197,22.502,12.9079,22.4212,18.3791,29.4563,12.3401,17.2778,17.3977,24.6613,18.51
7/31/2017,16.9198,17.1675,22.0074,26.2363,15.0467,40.6106,19.1622,22.9385,11.5918,21.4568,10.956,10.105,20.4059,13.44,23.0532,24.8935,25.0623,18.4227,24.4391,23.5259,16.8018,23.4496,13.0671,23.1939,17.8463,31.2718,13.3735,17.7985,18.3463,24.4505,18.8177
8/31/2017,18.657,17.3427,21.7532,27.0514,15.4103,40.0266,17.6404,23.799,11.51,21.4955,10.8318,9.9911,20.3521,13.3068,22.9073,25.6685,25.4547,18.4169,25.135,22.4723,17.1869,23.824,12.3622,24.0512,18.0194,32.5157,13.2547,17.9396,17.906,23.3172,18.8845
9/29/2017,16.9226,17.2492,22.2874,22.9111,16.0897,38.9444,17.2935,24.2877,12.1423,23.459,10.9498,10.6036,19.9725,13.6377,22.5703,24.6038,25.4627,17.1628,24.1819,22.0638,17.3129,23.2684,14.422,22.3833,17.196,31.8633,13.4135,16.9975,17.922,22.9407,18.7263
10/31/2017,18.5609,18.2141,22.618,24.9485,16.4373,38.4108,17.1601,25.3682,12.4132,23.025,11.6276,12.667,21.4166,14.3659,23.0567,26.2103,27.9241,14.7665,27.003,23.4,17.0025,22.0817,15.5909,24.0256,17.7412,33.2984,12.9744,14.5872,19.9338,23.3241,19.5359
11/30/2017,18.8694,18.6317,24.268,25.9314,17.9534,39.4383,18.39,25.2454,12.6773,24.975,11.6208,12.486,21.4043,14.9242,22.9514,27.0048,29.4951,14.8147,27.3243,26.1558,17.5845,23.0152,15.9582,26.077,17.9915,34.0887,13.793,15.7216,22.1986,23.3073,20.2778
12/29/2017,17.5935,34.1271,23.9903,22.9412,18.4348,35.6213,17.8674,23.0831,12.7268,26.3236,11.578,16.0024,21.6894,15.6688,21.9764,25.8054,27.7241,14.0169,26.0278,27.0779,16.94,23.1095,17.9017,23.2015,18.7735,33.3871,14.3629,15.6913,22.5457,23.6672,20.0039
1/31/2018,17.4063,34.1581,28.8272,23.6982,19.6275,35.6668,18.0602,24.4962,13.3828,27.1897,12.3538,16.6888,21.4519,16.9479,22.7955,25.6585,29.5062,14.7593,28.9093,29.5325,17.3235,21.7161,19.7863,24.919,20.3099,36.3768,14.6722,16.2618,24.1723,24.7029,21.1309
2/28/2018,18.5177,33.5086,29.465,22.5117,21.1583,31.8455,17.1445,22.7849,13.135,24.6683,11.7599,17.0875,20.1619,16.923,20.7023,23.6494,27.7406,13.5063,28.532,29.168,16.9821,19.7492,18.3451,23.8014,19.8287,35.9991,12.9545,13.6484,20.4104,21.4318,20.7414
3/30/2018,16.3576,27.2749,23.585,17.5267,20.2653,25.6919,15.7798,20.3844,11.6114,24.1229,11.2257,16.5041,20.0348,14.62,20.3898,22.9445,24.8817,13.1034,25.7062,28.9113,16.0631,19.6254,17.691,21.1004,17.7343,31.0412,12.227,12.9708,20.1746,20.3075,18.7333
4/30/2018,16.1119,28.8743,23.9935,17.1676,20.4702,28.1858,15.7625,20.2341,10.9876,23.6959,10.606,16.3584,19.7753,14.4618,20.2865,24.5673,22.0333,14.1618,26.3399,29.7598,16.57,17.9074,16.7661,23.3091,16.9351,32.9251,12.6182,13.165,19.4418,21.1622,18.7201
5/31/2018,18.2188,28.7427,25.3315,18.0655,19.74,28.0033,15.6274,20.5124,10.4137,23.9203,10.3389,17.4929,18.7012,14.2264,20.1879,23.4771,22.3552,14.3206,27.8383,30.0662,16.2622,18.1129,16.3737,23.8129,17.5934,33.9216,12.1886,12.1451,18.1407,22.1121,18.9068
6/29/2018,16.9824,25.8575,22.7255,13.7596,19.8879,22.7257,15.7362,18.8302,9.1319,25.0166,9.9997,18.3004,18.857,13.0459,21.4603,22.478,20.9889,14.4521,27.5958,33.3659,16.0267,18.9539,15.818,22.7125,17.3301,31.8554,11.9585,11.6827,18.8242,21.6911,17.6478
7/31/2018,17.4577,26.2586,24.1337,14.5842,18.6336,22.697,17.0499,19.6443,9.8299,22.9706,10.3741,17.7077,20.5944,14.3918,22.8156,22.6,22.6534,15.6831,29.6863,32.206,17.6391,19.6386,16.8265,23.442,18.8146,32.8871,12.2747,13.1631,18.7547,21.3712,18.3785
8/31/2018,20.8833,27.9631,23.2186,14.0822,21.0482,21.2931,16.8187,20.0328,9.8457,23.3485,10.485,17.8291,20.9316,14.3455,21.8077,23.2728,22.504,16.3307,31.4353,33.0377,18.3414,20.1413,17.0153,24.8529,18.2546,35.3283,12.9236,13.1706,20.1482,21.0199,18.7605
9/28/2018,19.0774,25.5986,23.6209,13.9515,21.436,17.0945,16.7965,17.5617,8.7375,24.0905,10.6905,14.5578,21.0337,13.1341,21.7859,23.101,21.8975,16.6186,29.1676,34.0505,18.7086,20.5327,14.2889,23.0698,18.4324,34.3788,12.003,14.0044,19.7384,19.5718,17.9888
10/31/2018,18.496,24.6947,22.5387,11.0997,18.738,15.6084,16.4935,14.7244,8.7815,18.9754,8.1609,14.4316,21.3107,12.6895,22.583,24.4281,19.7723,17.2441,27.2396,30.16,18.2799,21.8772,13.7844,22.6631,16.3757,31.5751,12.8348,15.3241,20.7287,18.3425,17.0038
11/30/2018,15.0919,26.988,22.0242,12.4126,19.6063,16.6275,16.5883,15.7976,7.4302,19.4545,8.7858,15.1797,22.3626,12.9421,23.7715,26.0313,21.6076,18.5864,28.2801,29.4812,19.6256,23.3154,14.3616,24.3982,16.0633,32.4593,13.5565,15.7086,20.185,18.3011,17.2706
12/31/2018,12.9878,11.2377,18.014,11.1878,17.7468,12.8033,15.8175,14.5333,6.4857,18.5374,8.1683,10.4423,19.1031,10.8533,22.4077,23.9161,19.1624,17.3422,24.9399,29.0966,27.0197,22.232,13.4065,20.4364,13.6045,28.9023,11.1576,12.6771,19.2549,13.7177,14.9169
