Date,AAPL UW Equity,AXP UN Equity,BA UN Equity,CAT UN Equity,CSCO UW Equity,CVX UN Equity,DIS UN Equity,DWDP UN Equity,GS UN Equity,HD UN Equity,IBM UN Equity,INTC UW Equity,JNJ UN Equity,JPM UN Equity,KO UN Equity,MCD UN Equity,MMM UN Equity,MRK UN Equity,MSFT UW Equity,NKE UN Equity,PFE UN Equity,PG UN Equity,TRV UN Equity,UNH UN Equity,UTX UN Equity,V UN Equity,VZ UN Equity,WBA UW Equity,WMT UN Equity,XOM UN Equity,INDU Index
1/31/1989,1.3482,7.8274,14.083,7.7344,#N/A N/A,12.5625,6.1669,14.5105,#N/A N/A,1.025,32.7188,0.8125,5.719,10.7917,2.9297,6.5,16.479,10.2927,0.4141,#N/A N/A,2.3906,5.7578,12.063,#N/A N/A,5.516,#N/A N/A,16.8065,#N/A N/A,4.2031,11.5938,2342.32
2/28/1989,1.2946,7.5398,13.75,7.3438,#N/A N/A,12.125,6.0847,13.9316,#N/A N/A,1.144,30.375,0.8047,5.383,10.4167,2.9922,6.313,15.788,10.0561,0.4132,#N/A N/A,2.2969,5.5391,11.875,#N/A N/A,5.469,#N/A N/A,16.3863,#N/A N/A,3.9844,10.9688,2258.39
3/31/1989,1.2723,8.0829,15.167,7.1406,#N/A N/A,13.1875,6.4547,13.7075,#N/A N/A,1.193,27.3125,0.8203,5.672,12.0417,3.2031,6.422,16.119,10.2139,0.3472,#N/A N/A,2.3958,5.7813,12.125,#N/A N/A,5.688,#N/A N/A,17.0866,#N/A N/A,4.0469,10.9688,2293.62
4/28/1989,1.3929,8.3385,16.833,7.5625,#N/A N/A,13.5938,6.9994,14.1557,#N/A N/A,1.321,28.5,0.9063,6.016,12,3.3906,6.875,17.201,10.7462,0.3889,#N/A N/A,2.5781,5.9844,12.625,#N/A N/A,6.5,#N/A N/A,18.6832,#N/A N/A,4.4844,10.8125,2418.8
5/31/1989,1.6964,8.2746,17.861,7.9688,#N/A N/A,13.8125,7.6572,13.8382,#N/A N/A,1.346,27.4063,1.0234,6.172,11.875,3.6094,7.453,17.532,10.9434,0.4201,#N/A N/A,2.5417,6.4219,12.625,#N/A N/A,6.422,#N/A N/A,19.4675,#N/A N/A,4.75,10.7813,2480.15
6/30/1989,1.4821,8.4983,16,7.25,#N/A N/A,13.5,7.7806,12.5496,#N/A N/A,1.284,27.9688,0.9063,5.984,11.9583,3.5234,7.281,17.081,10.5096,0.3698,#N/A N/A,2.401,6.7734,13.25,#N/A N/A,6.281,#N/A N/A,19.6076,#N/A N/A,4.7656,11.0313,2440.06
7/31/1989,1.3973,9.5206,17.458,7.4219,#N/A N/A,13.625,8.829,13.4834,#N/A N/A,1.543,28.7813,0.9453,6.672,13,4.2344,7.781,18.284,11.9885,0.375,#N/A N/A,2.7083,7.4609,14.875,#N/A N/A,6.859,#N/A N/A,21.4843,#N/A N/A,5.4063,11.4688,2660.66
8/31/1989,1.5893,9.5206,18.25,8.0469,#N/A N/A,14.0625,9.6615,15.6123,#N/A N/A,1.759,29.2813,0.9453,6.547,12.7083,4.1563,7.219,18.975,11.5941,0.4132,#N/A N/A,2.8854,8.0313,14.938,#N/A N/A,6.969,#N/A N/A,21.8764,#N/A N/A,5.2813,10.9688,2737.27
9/29/1989,1.5893,9.2331,19,7.625,#N/A N/A,15.1875,9.939,14.6973,#N/A N/A,1.722,27.2813,1.0078,6.844,13.625,4.1953,7.438,18.013,11.9687,0.4757,#N/A N/A,2.8594,7.5,14.625,#N/A N/A,6.969,#N/A N/A,22.3526,#N/A N/A,5.125,11.1875,2692.82
10/31/1989,1.6607,9.297,18.75,7.1563,#N/A N/A,17.125,10.1857,14.4545,#N/A N/A,1.66,25.0938,1.0547,6.922,11.2083,4.5234,7.75,17.231,12.2842,0.5677,#N/A N/A,2.8177,8.0703,14.875,#N/A N/A,6.672,#N/A N/A,22.9128,#N/A N/A,5.1875,11.5,2645.08
11/30/1989,1.5804,9.0733,20,7.3281,#N/A N/A,17.125,10.6071,14.7626,#N/A N/A,1.815,24.375,1.0859,7.063,10.5833,4.8281,8.219,18.524,12.442,0.6042,#N/A N/A,3.0885,8.0938,15.563,#N/A N/A,6.469,#N/A N/A,23.1369,#N/A N/A,5.4688,11.8125,2706.27
12/29/1989,1.2589,8.9136,19.75,7.2344,#N/A N/A,16.9375,9.2092,15.9392,#N/A N/A,1.809,23.5938,1.0781,7.422,9.9583,4.8281,8.688,19.156,12.2251,0.6042,#N/A N/A,2.8958,8.7969,14.922,#N/A N/A,6.781,#N/A N/A,24.9296,#N/A N/A,5.5781,12.5313,2753.2
1/31/1990,1.2143,7.6037,19.75,6.9219,#N/A N/A,16.75,8.5617,14.3424,#N/A N/A,1.735,24.625,1.2344,6.578,8.5417,4.3047,8.156,18.795,11.3969,0.6424,#N/A N/A,2.875,8,13.438,#N/A N/A,6.234,#N/A N/A,21.9044,#N/A N/A,5.3281,11.75,2590.54
2/28/1990,1.2143,7.444,21.292,7.5625,0.0807,16.7813,9.0037,14.4545,#N/A N/A,1.963,25.9688,1.2578,6.703,8.5417,4.4063,7.875,19.276,10.7857,0.6858,#N/A N/A,2.4531,8,15.125,#N/A N/A,6.391,#N/A N/A,20.1398,#N/A N/A,5.5156,11.7813,2627.25
3/30/1990,1.4375,6.5814,23.917,7.6406,0.0816,16.875,9.1373,14.7346,#N/A N/A,2.259,26.5625,1.3047,7.016,7.8333,4.6641,7.938,19.577,10.9828,0.7691,#N/A N/A,2.526,8.4688,14.813,#N/A N/A,7.156,#N/A N/A,21.1201,#N/A N/A,5.9063,11.5625,2707.21
4/30/1990,1.4063,6.9647,23.208,7.6719,0.0825,16.4688,9.0859,13.8102,#N/A N/A,2.309,27.25,1.2344,7.078,7.7917,4.7656,7.531,19.096,11.5547,0.8056,#N/A N/A,2.3646,8.8281,14.156,#N/A N/A,6.844,#N/A N/A,20.9521,#N/A N/A,6.2031,11.3125,2656.76
5/31/1990,1.4732,7.4759,27.5,8.375,0.0859,17.5,10.6071,13.9503,#N/A N/A,2.988,29.9688,1.4766,7.984,9.125,5.625,8.656,19.878,13.0335,1.0139,#N/A N/A,2.7344,10.3281,14.563,#N/A N/A,7.328,#N/A N/A,23.361,#N/A N/A,7.0469,12,2876.66
6/29/1990,1.5982,7.8593,29.25,6.5469,0.092,17.5938,10.5454,12.8298,#N/A N/A,2.846,29.375,1.4688,8.453,8.5,5.5469,8.844,20.81,13.6842,1.0556,#N/A N/A,2.6823,10.8906,14.375,#N/A N/A,7.156,#N/A N/A,22.2406,#N/A N/A,7.8125,11.9688,2880.69
7/31/1990,1.5,7.444,28.875,6.1094,0.0885,19.8438,9.6718,11.5692,#N/A N/A,2.537,27.9688,1.3906,8.828,7.6667,5.6719,7.813,21.742,14.0588,0.9236,#N/A N/A,3.1667,10.8438,15.25,#N/A N/A,7.406,#N/A N/A,22.0725,#N/A N/A,7.8438,12.9688,2905.2
8/31/1990,1.3214,6.166,24.188,5.375,0.0859,18.9688,8.4178,9.4122,#N/A N/A,2.509,25.4688,1.043,8.203,7.2083,5.2813,6.969,18.945,12.8758,0.8542,#N/A N/A,2.9583,9.625,14,#N/A N/A,6.109,#N/A N/A,19.1594,#N/A N/A,7.125,12.5,2614.36
9/28/1990,1.0357,5.3993,20.813,5.2813,0.0781,18.5,7.4517,8.7399,#N/A N/A,2.25,26.7188,1.0391,7.906,5.1667,4.9375,6.469,18.554,12.0082,0.875,#N/A N/A,2.9427,9.1094,12.5,#N/A N/A,5.344,#N/A N/A,21.1762,#N/A N/A,6.8438,12.25,2452.48
10/31/1990,1.0982,4.8242,22.313,5.0938,0.1024,17.0938,7.4825,9.3842,#N/A N/A,2.176,26.375,1.0469,8.031,3.375,5.5938,6.313,19.005,12.1265,0.8854,0.8555,3.0313,9.8281,12.844,#N/A N/A,5.641,#N/A N/A,23.417,#N/A N/A,6.6875,12.2813,2442.33
11/30/1990,1.3125,5.2395,22.125,5.1563,0.1372,17.4688,8.202,10.3927,#N/A N/A,2.648,28.375,1.1719,8.719,3.7917,5.7813,7.031,19.547,13.6053,1.0035,1.0664,3.3646,10.3594,15.75,#N/A N/A,5.578,#N/A N/A,24.3694,#N/A N/A,7.5313,12.6875,2559.65
12/31/1990,1.5357,5.3034,22.813,5.875,0.1558,18.1563,8.3562,10.6448,#N/A N/A,2.88,28.25,1.2031,8.969,3.5833,5.7969,7.281,20.629,14.1771,1.0451,1.2578,3.375,10.8281,15.688,#N/A N/A,5.984,#N/A N/A,24.0333,#N/A N/A,7.5625,12.9375,2633.66
1/31/1991,1.9821,5.8785,24.625,6.2188,0.2031,17.8438,8.8906,11.8493,#N/A N/A,3.231,31.7188,1.4297,9.563,4.375,6.0938,7.125,20.419,14.4335,1.3628,1.4922,3.7448,9.9063,15.938,#N/A N/A,5.938,#N/A N/A,21.7364,#N/A N/A,8.25,12.8125,2736.39
2/28/1991,2.0446,6.166,24.063,6.8281,0.1944,18.8125,10.1548,11.9614,#N/A N/A,3.611,32.25,1.4922,10.266,5.5,6.5313,7.938,21.291,16.1095,1.441,1.5039,4.375,10.1563,16.563,#N/A N/A,6.219,#N/A N/A,21.9605,#N/A N/A,8.8438,13.7813,2882.18
3/29/1991,2.4286,7.3481,23.5,5.9844,0.1693,19.375,9.7951,10.9249,#N/A N/A,4,28.5625,1.4609,11.984,5.7917,6.7813,8.688,21.291,16.6419,1.474,1.4414,4.4583,10.6406,17.406,#N/A N/A,6.063,#N/A N/A,23.0249,#N/A N/A,9.7188,14.6875,2913.86
4/30/1991,1.9643,6.5814,22.813,5.9531,0.2066,19.3125,9.4662,11.233,#N/A N/A,4.259,25.6875,1.5391,11.813,6.8333,6.5938,8.344,21.441,16.9968,1.375,1.4844,4.5417,10.4844,17.625,#N/A N/A,5.75,#N/A N/A,22.4086,#N/A N/A,10.125,14.9063,2887.87
5/31/1991,1.6786,6.5494,24.563,6.4688,0.224,18.4688,9.5381,12.4376,#N/A N/A,4.88,26.5938,1.7422,11.313,7.125,7.1563,8.75,22.915,18.7517,1.5243,1.2422,4.9063,10.6406,16.188,#N/A N/A,5.859,#N/A N/A,21.1201,#N/A N/A,10.7188,14.5938,3027.5
6/28/1991,1.4821,5.7507,22.875,6.1719,0.2118,17.5938,9.1681,11.9053,#N/A N/A,5.014,24.2813,1.4531,10.438,7.125,6.8125,8.219,22.524,18.3179,1.4193,1.1289,4.625,9.6719,15.688,#N/A N/A,5.547,#N/A N/A,21.1762,#N/A N/A,10.6875,14.5938,2906.75
7/31/1991,1.6518,6.4855,23.188,6.1406,0.2726,18.0313,9.9287,12.4376,#N/A N/A,5.389,25.3125,1.4688,11.453,8.5417,7.5156,8.188,21.11,20.3094,1.5313,1.3633,5.1563,10.0938,15.5,#N/A N/A,5.828,#N/A N/A,21.4563,#N/A N/A,11.9063,14.8438,3024.82
8/30/1991,1.8929,6.7731,24.875,5.9375,0.3151,17.9375,9.7643,11.9614,#N/A N/A,5.986,24.2188,1.5469,11.609,8.8333,8.2188,8.156,20.9,20.0136,1.776,1.5586,5.4583,10.4375,16.063,#N/A N/A,5.984,#N/A N/A,22.3526,#N/A N/A,12.6563,14.5625,3043.6
9/30/1991,1.7679,6.5494,25.375,5.5781,0.2847,18.375,9.3737,11.7093,#N/A N/A,6.042,25.9063,1.3203,11.047,8.4583,8.0625,8.75,21.682,20.5263,1.8542,1.6836,5.4271,10.6094,15.313,#N/A N/A,5.625,#N/A N/A,20.3919,#N/A N/A,11.9375,14.875,3016.77
10/31/1991,1.8393,4.8562,24.688,6,0.3385,18.6563,9.7643,12.1014,#N/A N/A,6.264,24.5625,1.2695,11.891,8.25,8.3281,8.688,21.892,21.6108,1.9557,1.7266,5.9688,10.4531,16.063,2,6.078,#N/A N/A,21.0641,#N/A N/A,11.5625,15.25,3069.1
11/29/1991,1.8125,4.8562,22.125,5.1563,0.3438,16.6875,8.6131,11.037,#N/A N/A,6.694,23.125,1.2813,12.047,7.0417,8.6719,8.406,20.87,23.1093,2.026,1.8398,5.5208,10.125,16.688,1.879,5.953,#N/A N/A,20.3358,#N/A N/A,12.2188,14.6563,2894.68
12/31/1991,2.0179,5.2395,23.875,5.4844,0.4601,17.25,9.4148,11.9614,#N/A N/A,7.486,22.25,1.5313,14.313,7.1667,10.0313,9.5,22.915,26.2642,2.3177,2.2539,7.0208,11.7344,18.219,2.328,6.781,#N/A N/A,21.6243,#N/A N/A,14.7188,15.2188,3168.83
1/31/1992,2.3125,5.2715,25.438,5.8438,0.5226,15.9063,11.2238,12.1575,#N/A N/A,6.847,22.5,1.875,13.375,9.375,9.6875,10.906,21.892,24.7854,2.5,2.3008,6.0833,12.9688,18.344,2.602,6.344,#N/A N/A,20.672,#N/A N/A,13.4688,14.5625,3223.39
2/28/1992,2.4107,5.3673,23,6.1094,0.566,15.4063,12.6422,12.4656,#N/A N/A,7.153,21.7188,1.9844,12.656,11.2083,10.2188,10.125,21.892,24.8445,2.5729,2.2813,6.2083,12.7031,18.063,2.5,6.297,#N/A N/A,19.4955,#N/A N/A,13.5,14.2813,3267.67
3/31/1992,2.0804,5.8466,21.938,6.25,0.5486,16,12.4674,13.306,#N/A N/A,7.208,20.875,1.7266,12.188,10.9167,10.2188,9.969,21.351,23.2079,2.4688,2.1055,5.7917,12.7813,17.625,2.477,6.5,#N/A N/A,18.5992,#N/A N/A,13.3125,13.6875,3235.47
4/30/1992,2.1473,5.7507,22,7.0156,0.5069,17.4375,11.9844,13.9222,#N/A N/A,6.931,22.6875,1.6719,11.859,11.7083,10.375,11.094,22.554,22.8727,2.2969,1.957,5.9583,12.9063,16.75,2.391,6.75,#N/A N/A,19.9437,#N/A N/A,13.0625,15.0313,3359.12
5/29/1992,2.1339,5.8146,21.938,7.5469,0.6354,17.8438,12.4571,13.6701,#N/A N/A,7.847,22.6875,1.5625,12.109,12.1667,11,11.719,23.005,23.7797,2.5208,1.8125,6.2083,12.8438,18.094,2.773,6.563,#N/A N/A,19.3274,#N/A N/A,13.25,15.1563,3396.88
6/30/1992,1.7143,5.9424,19.938,6.7188,0.6528,16.75,11.8405,12.9138,#N/A N/A,7.444,24.4688,1.7891,11.188,12.375,9.9688,11.5,23.336,23.0107,2.1875,1.9414,6.0833,11.5,20.031,2.594,6.531,#N/A N/A,19.9437,#N/A N/A,13.4063,15.4688,3318.52
7/31/1992,1.6696,5.8785,19.938,6.9063,0.7413,17.8438,11.8405,12.9698,#N/A N/A,8.354,23.6563,1.8672,12.344,11.625,10.4688,10.938,24.058,24.4896,2.2813,2.2422,6.5208,12.6563,19.219,2.875,7.125,#N/A N/A,21.2882,#N/A N/A,13.9688,15.875,3393.78
8/31/1992,1.6429,5.3354,18.625,6.0313,0.6493,18.375,11.3471,12.5776,#N/A N/A,8.896,21.6563,1.8125,12.313,10.8333,10.7188,10.625,23.697,23.0107,2.3203,2.2617,6.4375,11.6875,18.188,2.664,6.875,#N/A N/A,21.7364,#N/A N/A,14.25,16.0625,3257.35
9/30/1992,1.6116,5.591,18.313,6.5156,0.7344,18.5313,11.9227,12.5776,#N/A N/A,9.25,20.1875,2.0547,11.781,10.9167,10.125,11.094,24.599,20.9995,2.5156,2.4844,6.2292,12.3438,19,3.141,6.125,#N/A N/A,21.8484,#N/A N/A,14.75,15.9688,3271.66
10/30/1992,1.875,5.4632,18,6.5313,0.8333,17.75,12.9094,12.5216,#N/A N/A,9.625,16.7188,2.1094,12.5,11.4583,10.1563,11.438,24.749,20.7629,2.7734,2.4375,6.2917,13.2188,17.688,3.25,5.719,#N/A N/A,21.3442,#N/A N/A,15.1875,15.3125,3226.28
11/30/1992,2.0536,5.8466,17.563,7.0938,1.0382,17.1875,13.8961,11.9334,#N/A N/A,10.167,17.0625,2.2344,12.594,12.5,9.9375,12.25,24.539,21.3544,2.9102,2.6953,6.5104,13.5625,18.5,3.398,5.609,#N/A N/A,21.1201,#N/A N/A,16.0938,14.9063,3305.16
12/31/1992,2.1339,6.3577,20.125,6.7031,1.092,17.375,14.1428,12.8298,#N/A N/A,11.229,12.5938,2.7188,12.563,12.875,10.4688,12.188,24.208,20.5854,2.668,2.5938,6.0417,13.4375,19.25,3.555,6.016,#N/A N/A,22.9688,#N/A N/A,15.9063,15.25,3301.11
1/29/1993,2.125,5.9105,17.625,7.0156,1.2292,18.1875,15.0061,11.9053,#N/A N/A,10.854,12.875,3.3359,11,13.5417,10.5938,12.156,23.576,19.1066,2.7031,2.5508,5.5,12.4375,19.25,4.031,5.859,#N/A N/A,23.1929,#N/A N/A,16.2813,15.2813,3310.03
2/26/1993,1.8929,6.2619,17.25,7.25,1.2188,19.25,14.6361,12.2415,#N/A N/A,10.583,13.5938,3.6406,10.625,13.5,10.5938,12.594,25.381,18.2193,2.6055,2.2578,4.8646,13,19.406,2.758,5.594,#N/A N/A,24.9296,#N/A N/A,16.25,15.9063,3370.81
3/31/1993,1.8393,6.8689,17.5,7.3906,1.2431,20.7813,14.6361,11.4852,#N/A N/A,10.542,12.7188,3.5938,10.625,13.4583,10.6563,13.219,26.343,16.7405,2.8906,2.3945,5.1875,12.4688,19.875,3.219,5.906,#N/A N/A,25.0977,#N/A N/A,15.875,16.5625,3435.11
4/30/1993,1.8304,7.1564,18.938,8.6563,1.1458,21.5313,13.4027,12.2135,#N/A N/A,9.417,12.1563,2.9727,10.875,12.75,9.875,12.031,26.764,17.5095,2.6719,2.1289,5.6875,12.2813,19.875,3.375,6.156,#N/A N/A,23.0249,#N/A N/A,13.375,16.5313,3427.55
5/31/1993,2.0223,7.3162,19.813,8.9531,1.5,22.0313,14.4717,12.6057,#N/A N/A,10.278,13.1875,3.4648,11.156,12.7917,10.375,12.438,27.155,18.101,2.8945,2.2656,5.9792,12.2813,20.281,3.734,6.609,#N/A N/A,24.3134,#N/A N/A,13.9375,16.375,3527.43
6/30/1993,1.4107,8.2427,18.5,9.3594,1.5208,21.9375,13.4027,12.6897,#N/A N/A,9.722,12.3438,3.4375,10.313,13.625,10.75,12.281,25.982,16.7996,2.75,1.7227,5.5833,12.9688,19.844,4.016,6.75,#N/A N/A,26.6103,#N/A N/A,13.0625,16.5313,3516.08
7/30/1993,0.9911,8.3385,19.688,9.6094,1.441,22.0938,12.3338,13.446,#N/A N/A,9.833,11.125,3.2656,9.125,13.75,10.8125,12.875,25.26,14.4926,2.3125,1.7578,4.9583,12.1875,21.344,3.945,6.781,#N/A N/A,26.6663,#N/A N/A,12.6875,16.4063,3539.47
8/31/1993,0.9464,8.3066,19.813,10.2813,1.3264,23.2813,12.8683,13.1659,#N/A N/A,9.472,11.4375,4.0156,10.188,13.5417,10.8438,13.438,26.373,15.0842,2.3477,1.6797,5.25,12.0938,22.781,3.703,7.109,#N/A N/A,28.7391,#N/A N/A,12.8125,16.375,3651.25
9/30/1993,0.8348,9.1053,19.188,9.875,1.3889,24.4375,12.416,13.0819,#N/A N/A,8.556,10.5,4.4219,9.813,15,10.5625,12.969,24.749,14.5518,2.5781,1.4063,4.9583,11.875,22.781,4.289,6.938,#N/A N/A,28.571,#N/A N/A,12.3125,16.375,3555.12
10/29/1993,1.0982,8.2427,18.75,11.4375,1.4236,24.25,14.0605,12.4376,#N/A N/A,8.806,11.5,3.9531,10.531,13.3333,10.8438,14.406,24.96,15.2025,2.5039,1.5117,5.1875,13.5625,23.438,4.367,7.75,#N/A N/A,28.515,#N/A N/A,13.1875,16.3438,3680.59
11/30/1993,1.125,8.019,19.313,10.6563,1.5625,21.7188,13.0738,13.0258,#N/A N/A,9.222,13.4688,3.8438,10.906,12.8333,10.5625,14.656,26.223,16.2081,2.5,1.4961,5.5417,14.1875,22.188,4.523,7.734,#N/A N/A,26.8904,#N/A N/A,14.3125,15.6875,3683.95
12/31/1993,1.0446,7.8913,21.625,11.125,1.7951,21.7813,14.0194,12.7177,#N/A N/A,8.778,14.125,3.875,11.188,13.375,11.1563,14.25,26.163,16.2672,2.5195,1.4492,5.75,14.25,22.469,4.742,7.75,#N/A N/A,26.4422,#N/A N/A,12.5,15.75,3754.09
1/31/1994,1.1696,8.3705,21.625,13.0156,2.0139,23.3438,15.5406,14.2304,#N/A N/A,8.667,14.1875,4.0781,10.594,13.1667,10.2188,15.188,25.802,17.2728,2.6602,1.5625,5.3854,14.875,22.094,5.344,8.422,#N/A N/A,25.4338,#N/A N/A,13.25,16.625,3978.36
2/28/1994,1.3036,7.4759,23.375,13.5469,2.0486,21.6875,15.8284,14.2584,#N/A N/A,9.25,13.2188,4.2969,10.031,12.4167,10.6563,15.156,25.351,15.3208,2.5781,1.6172,4.8333,14.3438,20.781,5.164,8.5,#N/A N/A,24.5375,#N/A N/A,14.1875,16.2188,3832.02
3/31/1994,1.1875,7.0606,22.438,14.0469,1.9028,21.0625,13.7728,13.474,#N/A N/A,9.056,13.625,4.2188,9.438,12.125,10.1563,14.219,23.847,14.0786,2.6484,1.6563,4.5,13.4063,19.438,5.344,7.766,#N/A N/A,23.1929,#N/A N/A,12.9375,15.7188,3635.96
4/29/1994,1.0714,7.5718,22.5,13.7344,1.684,22.25,13.9372,14.0623,#N/A N/A,9.333,14.3125,3.8125,10.344,11.5833,10.4063,15,23.516,14.0194,2.8906,1.6758,4.9167,14.2188,19.844,5.188,7.969,#N/A N/A,23.1929,#N/A N/A,12.625,15.7188,3681.69
5/31/1994,1.0446,7.5718,23.188,13.3594,1.375,21.75,14.225,15.2949,#N/A N/A,10.028,15.8125,3.9063,11.063,12.7917,10.0938,15.5,24.539,14.4335,3.3594,1.8438,5.3125,14.0938,19.406,6.016,8.297,#N/A N/A,23.9212,#N/A N/A,11.75,15.25,3758.37
6/30/1994,0.9464,7.5134,23.125,12.5,1.2986,20.9375,13.6905,14.6506,#N/A N/A,9.361,14.6875,3.6563,10.719,12.8333,10.1563,14.438,23.817,14.0786,3.2266,1.8672,5.2604,13.3438,20.063,5.734,8.031,#N/A N/A,25.0977,#N/A N/A,12.125,14.1563,3624.96
7/29/1994,1.2031,7.7322,22.313,13.5469,1.1667,22.1875,13.9783,15.491,#N/A N/A,9.111,15.4375,3.7031,11.75,12.7917,11.0938,13.563,25.561,14.0194,3.2188,1.9219,5.1667,13.9375,21.375,5.688,7.531,#N/A N/A,25.3778,#N/A N/A,12.5,14.875,3764.5
8/31/1994,1.2924,8.2064,22.75,14.4375,1.3785,21.1875,13.5261,16.8356,#N/A N/A,10.056,17.1563,4.1094,12.531,12.9167,11.5,14.125,26.523,16.1489,3.6328,2.0117,5.6875,15.2188,21.625,6.531,7.953,#N/A N/A,24.5375,#N/A N/A,12.3125,14.875,3913.42
9/30/1994,1.2031,8.8629,21.563,13.5313,1.5208,20.8125,12.786,17.5359,#N/A N/A,9.333,17.375,3.8438,12.906,11.6667,12.1563,13.125,26.584,16.7996,3.5078,1.8398,5.7604,14.9063,20.313,6.625,7.828,#N/A N/A,23.7532,#N/A N/A,11.6875,14.4063,3843.18
10/31/1994,1.5424,8.9723,21.938,14.9375,1.6736,22.5,12.9505,16.4714,#N/A N/A,10.111,18.625,3.8828,13.656,12.6667,12.5625,14.375,26.644,16.9179,3.9375,1.9023,6.1771,15.625,21.813,6.594,7.875,#N/A N/A,23.473,#N/A N/A,11.75,15.7188,3908.12
11/30/1994,1.3304,8.6441,22.375,13.5,1.7917,21.8125,14.3483,14.3424,#N/A N/A,10.278,17.6875,3.9453,13.344,12.125,12.7813,14.188,24.659,17.6278,3.9297,1.9961,6.4479,15.625,20.625,5.938,7.313,#N/A N/A,22.4647,#N/A N/A,11.5625,15.0938,3739.22
12/30/1994,1.3839,8.6076,23.375,13.7813,1.9514,22.3125,15.1706,15.0708,#N/A N/A,10.222,18.375,3.9922,13.688,11.9583,12.875,14.625,25.681,18.0418,3.8203,2.332,6.4375,15.5,22.375,5.641,7.859,#N/A N/A,22.2966,#N/A N/A,10.625,15.1875,3834.44
1/31/1995,1.442,9.1912,22.25,12.875,1.8542,22.3125,16.7329,13.9783,#N/A N/A,10.389,18.0313,4.3359,14.531,12.9583,13.125,16.313,25.2,19.0475,3.7109,2.2188,6.8125,16.3125,23.875,6.063,8.031,#N/A N/A,24.3134,#N/A N/A,11.5,15.625,3843.86
2/28/1995,1.4107,9.8477,23.063,12.9063,1.875,23.75,17.5551,15.0147,#N/A N/A,9.972,18.8125,4.9844,14.188,13.375,13.75,16.625,26.343,20.0531,3.9375,2.2461,6.8958,16.625,24.313,5.375,8.297,#N/A N/A,24.0333,#N/A N/A,11.875,16,4011.05
3/31/1995,1.2589,10.1759,26.938,13.9063,2.1181,24,17.5551,16.3593,#N/A N/A,9.833,20.4688,5.3047,14.875,12.5833,14.125,17.063,27.967,20.1714,4.4453,2.332,7.1458,16.5625,25,5.844,8.641,#N/A N/A,23.6411,#N/A N/A,12.75,16.6875,4157.69
4/28/1995,1.3661,10.1394,27.5,14.625,2.2153,23.6875,18.2129,15.575,#N/A N/A,9.278,23.6875,6.3984,16.25,13.9167,14.5313,17.5,28.689,20.2897,5.1094,2.3945,7.2188,17.4688,24.063,4.531,9.141,#N/A N/A,24.5935,#N/A N/A,11.875,17.4063,4321.27
5/31/1995,1.4844,10.3948,29.438,15.0625,2.4306,24.5625,18.2952,16.4434,#N/A N/A,9.25,23.3125,7.0156,16.563,15.375,15.4688,18.938,28.809,22.3009,5.293,2.4648,7.3438,17.9688,25.438,4.656,9.484,#N/A N/A,24.9856,#N/A N/A,12.5,17.8438,4465.14
6/30/1995,1.6585,10.2489,31.313,16.0625,2.809,23.3125,18.2952,16.1072,#N/A N/A,9.028,24,7.9141,16.906,15.75,15.9375,19.563,27.546,23.1882,5.6484,2.625,7.6979,17.9688,24.625,5.172,9.766,#N/A N/A,25.0977,#N/A N/A,13.375,17.6563,4556.09
7/31/1995,1.6071,11.2336,33.5,17.5938,3.0972,24.6875,19.2819,16.6115,#N/A N/A,9.75,27.2188,8.125,17.938,17.2083,16.4688,19.313,27.245,24.4304,5.6563,2.8242,8.4167,17.2188,24.375,5.656,10.5,#N/A N/A,25.6579,#N/A N/A,13.3125,18.125,4708.47
8/31/1995,1.5357,11.7807,31.875,16.7813,3.6458,24.1875,18.4596,16.5834,#N/A N/A,8.861,25.8438,7.6719,17.25,19.4167,16.0625,18.25,26.283,23.6023,5.7813,2.8945,8.2292,17.3438,27.125,5.281,10.422,#N/A N/A,26.7783,#N/A N/A,12.3125,17.1875,4610.56
9/29/1995,1.3304,12.9479,34.125,14.2188,3.8333,24.3125,18.8707,16.6955,#N/A N/A,8.861,23.5938,7.5313,18.531,20.2917,17.25,19.125,27.185,26.5008,5.6563,3.4727,8.8958,19.25,29.188,6.109,11.047,#N/A N/A,27.5066,#N/A N/A,12.4375,18.0625,4789.08
10/31/1995,1.2969,11.8537,32.813,14.0313,4.3056,23.375,18.953,15.3789,#N/A N/A,8.278,24.3125,8.7344,20.375,18.9583,17.9688,20.5,27.365,27.2107,6.25,3.5469,9.5625,20.25,25.375,6.641,11.094,#N/A N/A,28.515,#N/A N/A,10.8125,19.0938,4755.48
11/30/1995,1.3616,12.4008,36.438,15.3438,4.6736,24.6875,19.7752,15.8831,#N/A N/A,9.861,24.1563,7.6094,21.656,20,18.9375,22.313,31.515,29.281,5.4453,3.625,9.6667,21.5938,28,7.859,11.719,#N/A N/A,28.2349,#N/A N/A,12,19.3438,5074.49
12/29/1995,1.1384,12.0725,39.188,14.6875,4.1458,26.25,19.4052,15.7711,#N/A N/A,10.639,22.9375,7.0938,21.406,19.5833,18.5625,22.563,31.876,31.1148,5.4844,4.3516,10.5,20.75,27.813,8.188,11.859,#N/A N/A,29.9715,#N/A N/A,11.1875,20.0313,5117.12
1/31/1996,0.9866,13.422,38.813,16.0938,4.625,25.9375,21.1319,16.6955,#N/A N/A,10.222,27.1875,6.9043,24,22.3333,18.8438,25.125,31.034,33.2443,5.7813,4.3594,11.4583,21,28.5,7.859,12.828,#N/A N/A,30.8679,#N/A N/A,10.1875,20.0625,5395.3
2/29/1996,0.9821,13.422,40.563,16.7188,5.2778,27.8125,21.5431,17.9841,#N/A N/A,9.611,30.6563,7.3516,23.375,23.875,20.1875,25,31.335,31.3514,6.168,4.0547,10.9792,20.5,28.313,8.156,13.438,#N/A N/A,29.6354,#N/A N/A,10.625,19.875,5485.62
3/29/1996,0.8772,14.4068,43.313,17,5.1528,28.0625,21.0086,19.4687,#N/A N/A,10.639,27.7813,7.1094,23.063,23.5,20.6563,24,31.215,29.4585,6.4453,5.0781,11.1667,21.1875,27.75,7.688,14.031,#N/A N/A,27.6747,#N/A N/A,11.5625,20.4063,5587.14
4/30/1996,0.8705,14.1515,41.063,16,5.7639,29,20.3919,19.9169,#N/A N/A,10.528,26.875,8.4688,23.125,22.9583,20.375,23.938,31.636,28.6303,7.0781,5.4688,11.4792,21.125,26.563,7.313,13.813,#N/A N/A,29.1312,#N/A N/A,11.9375,21.25,5569.07
5/31/1996,0.933,13.3491,42.625,16.4063,6.0833,29.875,19.9808,18.7404,#N/A N/A,11.361,26.6875,9.4375,24.344,23.3333,23,24.063,32.838,30.5824,7.4219,6.2734,11.7917,21.9688,26.438,6.859,13.672,#N/A N/A,27.9548,#N/A N/A,12.9375,21.1875,5643.17
6/28/1996,0.75,13.0208,43.563,16.9375,6.2917,29.5,20.6797,17.0316,#N/A N/A,12,24.75,9.1797,24.75,23.5417,24.4375,23.375,33.199,30.5824,7.5078,6.4219,11.8958,22.6563,26.75,6.313,14.375,#N/A N/A,28.571,#N/A N/A,12.6875,21.7188,5654.62
7/31/1996,0.7857,12.7655,44.25,16.4688,5.75,28.9375,18.2952,16.6675,#N/A N/A,11.222,26.9688,9.3906,23.875,23.1667,23.4375,23.188,32.5,30.4049,7.3672,6.4297,11.6458,22.3438,25.875,4.219,14.078,#N/A N/A,26.4982,#N/A N/A,12,20.5625,5528.91
8/30/1996,0.8661,12.7655,45.25,17.2188,5.8611,29.4375,18.7474,17.872,#N/A N/A,11.806,28.5938,9.9766,24.625,24.7917,25,23.188,34.375,31.0556,7.6563,6.75,11.8333,22.2188,25.875,4.828,14.094,#N/A N/A,25.2097,#N/A N/A,13.25,20.3438,5616.2
9/30/1996,0.7924,13.495,47.25,18.8438,6.8958,31.3125,20.8441,17.9841,#N/A N/A,12.639,31.125,11.9297,25.625,26.7083,25.4375,23.688,34.938,33.3035,8.2422,7.5938,13.1875,24.375,27.75,5.203,15.016,#N/A N/A,26.8343,#N/A N/A,13.1875,20.8125,5882.16
10/31/1996,0.8214,13.7138,47.688,17.1563,6.875,32.875,21.6664,17.4238,#N/A N/A,12.167,32.25,13.7344,24.625,28.5833,25.25,22.188,38.313,35.0781,8.5781,7.3594,13.7917,24.75,27.188,4.734,16.094,#N/A N/A,27.0024,#N/A N/A,13.3125,22.1563,6029.38
11/29/1996,0.8616,15.2456,49.688,19.7813,7.5417,33.5,24.2565,18.7684,#N/A N/A,11.583,39.8438,15.8594,26.563,31.5,25.5625,23.375,41.875,39.278,9.8047,7.1094,14.9375,27.1875,29.438,5.391,17.531,#N/A N/A,28.1789,#N/A N/A,12.75,23.6563,6521.7
12/31/1996,0.7455,16.4857,53.188,18.8125,7.0694,32.5,22.8998,17.5639,#N/A N/A,11.139,37.75,16.3672,24.875,29.75,26.3125,22.625,41.438,37.5034,10.3281,7.4688,13.8125,26.875,29.313,5.625,16.5,#N/A N/A,29.0192,#N/A N/A,11.4375,24.5,6448.26
1/31/1997,0.5938,18.1999,53.563,19.4063,7.75,33.1875,24.092,17.2838,#N/A N/A,11,39.3125,20.2813,28.813,30.8333,28.9375,22.75,42.625,42.9455,12.75,8.4844,15.4792,28.875,31.25,6.094,17.438,#N/A N/A,30.1396,#N/A N/A,11.875,25.9063,6813.08
2/28/1997,0.5804,19.0753,50.875,19.5938,6.1806,32.25,24.4209,18.1521,#N/A N/A,12.111,35.9375,17.7344,28.813,33.375,30.5,21.625,46,43.537,12.1875,8.9844,15.2708,30.0313,33.75,6.234,18.813,#N/A N/A,30.9799,#N/A N/A,13.1875,24.9688,6877.73
3/31/1997,0.6518,17.4705,49.313,20.0625,5.3472,34.8125,24.0098,17.928,#N/A N/A,11.889,34.3438,17.3906,26.438,31.2083,27.9375,23.625,42.25,39.8695,11.4609,7.75,14.0208,28.75,32.438,5.953,18.813,#N/A N/A,27.2825,#N/A N/A,13.9375,26.9375,6583.47
4/30/1997,0.6071,19.2212,49.313,22.25,5.75,34.25,26.9699,19.0205,#N/A N/A,12.889,40.1875,19.1406,30.625,30.875,31.8125,26.813,43.5,42.8272,15.1875,7.0313,16,31.4375,33.5,6.078,18.906,#N/A N/A,30.3637,#N/A N/A,14.125,28.3125,7008.99
5/30/1997,0.5938,20.2789,52.625,24.4063,7.5278,35,26.9288,18.6844,#N/A N/A,14,43.25,18.9375,29.938,31.5,34.125,25.125,45.875,42.5314,15.5,7.125,17.1458,34.4688,35.813,7.063,20.094,#N/A N/A,31.3721,#N/A N/A,14.875,29.625,7331.04
6/30/1997,0.5089,21.7378,53.063,26.8438,7.4583,36.9688,26.3944,19.5248,#N/A N/A,15.319,45.0938,17.7266,32.188,32.3542,33.75,24.156,51,48.9792,15.7969,7.2969,19.9167,35.3125,38.125,6.5,20.75,#N/A N/A,34.0051,#N/A N/A,16.9063,30.75,7672.79
7/31/1997,0.625,24.4368,58.813,28,8.8403,39.5625,26.5794,21.2896,#N/A N/A,16.625,52.875,22.9531,31.156,37.8542,34.625,26.875,47.375,49.1862,17.6875,7.7891,19.875,38.0313,39.219,7.125,21.141,#N/A N/A,32.5205,#N/A N/A,18.7813,32.125,8222.61
8/29/1997,0.7768,22.6861,54.438,29.0313,8.375,38.7188,25.2638,19.8329,#N/A N/A,15.729,50.4375,23.0313,28.344,37.0625,28.6563,23.656,44.938,43.4483,16.5234,6.6719,18.4583,33.2656,36.688,6.078,19.516,#N/A N/A,32.4365,#N/A N/A,17.75,30.5938,7622.42
9/30/1997,0.7746,23.8897,54.438,26.9688,8.1181,41.5938,26.5177,20.3231,#N/A N/A,17.375,52.9688,23.0781,28.813,39.3333,30.4688,23.813,46.25,47.2933,16.5391,6.625,20.0208,34.5313,40.781,6.25,20.25,#N/A N/A,36.0499,#N/A N/A,18.3125,32.0313,7945.25
10/31/1997,0.6083,22.7591,47.875,25.625,9.1146,41.4688,27.0522,20.3371,#N/A N/A,18.542,49.0313,19.25,28.688,38.4583,28.25,22.406,45.75,42.2357,16.25,5.875,23.5833,34,39.969,5.789,17.5,#N/A N/A,35.7978,#N/A N/A,17.5625,30.7188,7442.08
11/28/1997,0.6339,23.0144,53.125,23.9688,9.5833,40.0938,31.2251,22.1299,#N/A N/A,18.646,54.7813,19.4063,31.469,36.2083,31.25,24.25,48.719,44.7497,17.6875,6.0859,24.25,38.1563,40,6.508,18.734,#N/A N/A,39.9994,#N/A N/A,19.9688,30.5,7823.12
12/31/1997,0.4688,26.0416,48.938,24.2813,9.2917,38.5,32.5818,22.7462,#N/A N/A,19.625,52.2813,17.5625,32.938,36.5,33.3125,23.875,41.031,50.2805,16.1563,4.9063,24.8542,39.9063,41.031,6.211,18.203,#N/A N/A,40.7837,#N/A N/A,19.7188,30.5938,7908.24
1/30/1998,0.654,24.4186,47.563,24,10.5104,37.4063,35.0486,20.1691,#N/A N/A,20.104,49.3438,20.25,33.469,35.7292,32.375,23.563,41.75,55.4861,18.6484,5.0078,27.3125,39.1875,43.5,6.406,20.406,#N/A N/A,41.484,#N/A N/A,19.9375,29.6563,7906.5
2/27/1998,0.8438,26.2787,54.25,27.3125,10.9792,40.5625,36.8164,20.5052,#N/A N/A,21.271,52.2188,22.4219,37.75,41.3542,34.3438,27.375,42.656,60.3662,21.1875,5.4844,29.5,42.4688,44.313,7.586,22.328,#N/A N/A,40.2235,#N/A N/A,23.1563,31.9375,8545.71
3/31/1998,0.9821,26.7893,52.125,27.5313,11.3958,40.1563,35.1102,21.7938,#N/A N/A,22.479,51.9375,19.5156,36.656,44.9583,38.7188,30,45.594,60.7507,22.375,5.5313,33.2292,42.1875,44.563,8.094,23.078,#N/A N/A,45.9377,#N/A N/A,25.4063,33.8125,8799.8
4/30/1998,0.9777,29.7618,50.063,28.4688,12.2083,41.3438,40.8866,21.6677,#N/A N/A,23.208,57.9375,20.2031,35.688,46.1875,37.9375,30.938,47.188,57.0241,22.5313,5.9688,37.9375,41.0938,42.375,8.781,24.609,#N/A N/A,41.9322,#N/A N/A,25.2813,36.4688,9063.36
5/29/1998,0.9509,29.9442,47.625,27.4688,12.6042,39.9375,37.207,21.7097,#N/A N/A,26.188,58.6875,17.8594,34.531,45.3125,39.1875,32.813,46.313,55.3973,21.2031,5.75,34.9375,41.9688,44.375,8,23.5,#N/A N/A,41.0638,#N/A N/A,27.5938,35.25,8899.95
6/30/1998,1.0246,33.2632,44.563,26.4375,15.3438,41.5313,34.5552,21.6677,#N/A N/A,27.688,57.4063,18.5313,36.875,50.3333,42.75,34.5,41.094,63.2943,27.0938,6.0859,36.2292,45.5313,42.063,7.938,23.125,#N/A N/A,40.8958,#N/A N/A,30.375,35.6563,8952.01
7/31/1998,1.2366,32.2055,38.813,24.25,15.9583,41.3125,33.9796,20.3371,#N/A N/A,27.917,66.25,21.1094,38.625,50.4167,40.3438,33.406,37.438,58.355,27.4844,5.5625,36.6667,39.6875,36.188,7.063,23.953,#N/A N/A,40.6717,#N/A N/A,31.5625,35.0625,8883.29
8/31/1998,1.1138,22.7591,30.938,21.0938,13.6458,37.0313,27.0727,17.4798,#N/A N/A,25.667,56.3125,17.7969,34.5,35.3333,32.5625,28.031,34.25,54.865,23.9844,4.3359,31,38.25,30.563,4.516,18.141,#N/A N/A,39.5512,#N/A N/A,29.375,32.7188,7539.06
9/30/1998,1.3616,22.6496,34.313,22.2813,15.4531,42.0313,24.976,19.1466,#N/A N/A,26.333,64,21.4375,39.125,28.8333,28.8125,29.844,36.844,61.3127,27.5156,4.6016,35.3125,35.4688,32.5,4.375,19.109,#N/A N/A,43.4167,#N/A N/A,27.3125,35.0938,7842.62
10/30/1998,1.3259,25.7863,37.5,22.5,15.75,40.75,26.5794,20.9814,#N/A N/A,29,74.2188,22.2969,40.75,37.875,33.8125,33.438,40,64.0042,26.4688,5.4609,35.7708,44.4375,33.125,5.445,23.813,#N/A N/A,47.6183,#N/A N/A,34.5,35.625,8592.11
11/30/1998,1.1406,29.1965,40.625,24.7188,18.8438,41.8125,31.7596,21.8218,#N/A N/A,33.167,82.5,26.9063,40.625,42.2917,35.0313,35.031,40.156,73.2913,30.5,5,37.2083,43.8125,35.25,5.641,26.797,#N/A N/A,49.8592,#N/A N/A,37.6563,37.5313,9116.55
12/31/1998,1.4621,29.8348,32.625,23,23.2031,41.4688,29.6011,20.3791,#N/A N/A,40.792,92.375,29.6406,41.938,45.375,33.4375,38.313,35.563,69.89,34.6719,5.0703,41.8125,45.6563,34.75,5.383,27.188,#N/A N/A,47.5063,#N/A N/A,40.7188,36.5625,9181.43
1/29/1999,1.471,30.0171,34.563,21.6563,27.8906,37.375,32.5613,19.7349,#N/A N/A,40.25,91.625,35.2344,42.5,51.2917,32.7188,39.406,38.813,69.4463,43.75,5.7188,42.875,45.4375,29.375,5.594,29.859,#N/A N/A,53.7807,#N/A N/A,43,35.2188,9358.82
2/26/1999,1.2433,31.6584,35.563,22.7813,24.4531,38.4375,34.7197,22.0459,#N/A N/A,39.792,85,29.9844,42.688,53.0833,31.9688,42.5,37.031,77.3729,37.5313,6.7031,43.9792,44.75,32.375,6.164,30.969,#N/A N/A,51.4838,#N/A N/A,43.1875,33.2813,9306.57
3/31/1999,1.2835,34.2845,34.125,22.9688,27.3906,44.2188,30.7112,20.8834,#N/A N/A,41.5,88.625,29.7188,46.844,54.2083,30.6875,45.313,35.375,75.8941,44.8125,7.2109,46.25,48.9688,31.063,6.578,33.859,#N/A N/A,46.3299,#N/A N/A,46.0938,35.2813,9786.16
4/30/1999,1.6429,38.1324,40.625,32.1875,28.5156,49.875,31.3279,29.3992,#N/A N/A,39.958,104.5938,30.5938,48.75,55.1667,34,42.375,44.5,66.4886,40.6563,7.7734,38.3542,46.9063,28.688,7.016,36.172,#N/A N/A,51.6519,#N/A N/A,46,41.5313,10789.04
5/31/1999,1.5737,35.3604,42.25,27.4375,27.25,46.3438,28.7378,27.2282,67.938,37.917,116.3125,27.0313,46.313,48.3333,34.1563,38.5,42.875,63.8859,40.3438,7.6172,35.6667,46.6875,35.563,7.281,31.031,#N/A N/A,49.0749,#N/A N/A,42.625,39.9375,10559.75
6/30/1999,1.654,37.9682,44.188,30,32.2188,47.5938,30.4028,28.4328,72.25,42.958,129.25,29.75,49,57.75,31.25,41.313,43.469,70.0378,45.0938,7.9141,36.5833,44.625,31.813,7.828,35.844,#N/A N/A,58.5986,#N/A N/A,48.25,38.5625,10970.81
7/30/1999,1.9888,38.4424,45.375,29.3125,31.0625,45.625,27.2577,27.7885,64.313,42.542,125.6875,34.5,46.063,51.25,30.1563,41.688,43.969,64.0633,42.9063,6.5,33.9375,45.25,31.125,7.625,33.344,#N/A N/A,57.142,#N/A N/A,42.25,39.6875,10655.15
8/31/1999,2.3304,40.1201,45.313,28.3125,33.9063,46.125,27.3811,25.4634,59.813,40.75,124.5625,41.0938,51.125,55.7917,29.9063,41.375,47.25,63.5901,46.2813,5.7813,37.75,49.625,32.063,7.602,33.063,#N/A N/A,54.9012,#N/A N/A,44.3125,39.4375,10829.28
9/30/1999,2.2612,39.2813,42.625,27.4063,34.2813,44.375,25.531,25.4634,61,45.75,121.375,37.1563,45.938,50.25,24.0313,43,48.031,61.3423,45.2813,7.1094,35.9375,46.875,27.5,6.086,29.656,#N/A N/A,60.3352,#N/A N/A,47.5625,37.9688,10336.96
10/29/1999,2.8616,44.9345,46.063,27.625,37,45.6563,26.0243,26.4999,71,50.333,98.375,38.7188,52.375,58.25,29.5,41.25,47.531,75.3025,46.2813,7.0547,39.5,52.4375,32,6.461,30.25,#N/A N/A,58.2064,#N/A N/A,56.6875,37.0313,10729.87
11/30/1999,3.4955,44.1504,40.813,23.1875,44.5938,44.2813,27.5044,26.2478,75.125,52.708,103.0625,38.3438,51.875,51.5,33.6563,45,47.781,74.2969,45.5234,5.75,36.1875,54,30.188,6.492,28.25,#N/A N/A,56.7499,#N/A N/A,57.625,39.6563,10877.81
12/31/1999,3.6719,48.5089,41.563,23.5313,53.5625,43.3125,28.8611,29.9454,94.188,68.563,108,41.1563,46.563,51.7917,29.125,40.313,48.938,63.4718,58.375,6.1953,32.4375,54.7813,33.688,6.641,32.5,#N/A N/A,55.1813,#N/A N/A,69.125,40.2813,11497.12
1/31/2000,3.7054,48.0894,44.313,21.2188,54.75,41.7813,35.8297,26.1077,91.625,56.625,112.1875,49.4688,43.031,53.625,28.7188,37.188,46.813,74.5927,48.9375,5.6875,36.375,50.4375,30.188,6.625,26.469,#N/A N/A,55.5174,#N/A N/A,54.75,41.75,10940.54
2/29/2000,4.0938,39.1536,36.875,17.5313,66.0938,37.3438,33.0546,24.3149,92.5,57.813,102,56.5,35.875,53.0833,24.2188,31.563,44.063,58.2663,44.6875,3.5547,32.125,44,22.375,6.391,25.469,#N/A N/A,43.8649,#N/A N/A,48.6875,37.6563,10128.31
3/31/2000,4.8504,43.4574,37.938,19.7188,77.3125,46.2188,40.8249,25.5475,105.125,64.5,118,65.9688,35.031,58.125,23.4688,37.563,44.281,58.7987,53.125,4.9531,36.5625,28.125,34.125,7.453,31.594,#N/A N/A,54.7891,#N/A N/A,55.5,38.9063,10921.93
4/28/2000,4.4308,43.7856,39.688,19.7188,69.3281,42.5625,42.7367,25.3234,93.25,56.063,111.625,63.4063,41.25,48.0417,23.5313,38.125,43.25,65.7788,34.875,5.4297,42.125,29.8125,35.625,8.336,31.094,#N/A N/A,53.1085,#N/A N/A,55.375,38.8438,10733.92
5/31/2000,3,47.1047,39.063,19.125,56.9375,46.2188,41.6266,23.9928,73.563,48.813,107.3125,62.3438,44.75,49.7917,26.6875,35.813,42.875,70.6294,31.2813,5.3594,44.5625,33.25,37.5,9.32,30.219,#N/A N/A,47.3943,#N/A N/A,57.625,41.6563,10522.34
6/30/2000,3.7411,45.6275,41.813,16.9375,63.5625,42.4063,38.2965,20.2951,94.875,49.938,109.5625,66.8438,50.938,46.0625,28.7188,32.938,41.25,72.5223,40,4.9766,48,28.625,34.125,10.719,29.438,#N/A N/A,45.5455,#N/A N/A,57.625,39.25,10447.9
7/31/2000,3.6295,49.6213,49,17.0313,65.4375,39.5,38.1731,19.3287,98.938,51.75,112.4375,66.75,46.531,49.6875,30.6563,31.5,45.031,67.8492,34.9063,5.4688,43.125,28.4375,44.438,10.227,29.188,#N/A N/A,42.1282,#N/A N/A,54.9375,40,10521.98
8/31/2000,4.3527,51.755,53.625,18.375,68.625,42.25,38.4198,17.6059,128.063,48.063,132,74.875,45.969,55.875,26.3125,29.875,46.5,66.1337,34.9063,4.9453,43.25,30.9063,47.625,11.813,31.219,#N/A N/A,39.1031,#N/A N/A,47.4375,40.8125,11215.1
9/29/2000,1.8393,53.1774,63,16.875,55.25,42.625,37.7415,16.7655,113.938,53.063,112.5,41.5625,46.969,46.1875,27.5625,30.188,45.563,70.4519,30.1563,5.0078,44.9375,33.5,49.313,12.344,34.625,#N/A N/A,43.4167,#N/A N/A,48.125,44.5625,10650.92
10/31/2000,1.3973,52.5209,67.813,17.5313,53.875,41.0625,35.3364,20.5892,99.813,43,98.5,45,46.063,45.5,30.1875,31,48.313,85.122,34.4375,4.9922,43.1875,35.7188,51.25,13.672,34.906,#N/A N/A,51.82,#N/A N/A,45.375,44.5938,10971.14
11/30/2000,1.1786,48.0894,69.063,19.6563,47.875,40.9375,28.5528,20.5472,82.125,39.188,93.5,38.0625,50,36.875,31.3125,31.875,49.938,87.7248,28.6875,5.3281,44.3125,37.4375,50.125,14.664,35.406,#N/A N/A,50.3634,#N/A N/A,52.1875,44,10414.49
12/29/2000,1.0625,48.0894,66,23.6563,38.25,42.2188,28.5528,24.6231,106.938,45.688,85,30.0625,52.531,45.4375,30.4688,34,60.25,88.6121,21.6875,6.9766,46,39.2188,54.313,15.344,39.313,#N/A N/A,44.9293,#N/A N/A,53.125,43.4688,10786.85
1/31/2001,1.5446,41.2289,58.5,22.11,37.4375,41.64,30.0452,23.06,113.75,48.2,112,37,46.565,54.99,29,29.35,55.325,77.7799,30.5313,6.8775,45.15,35.92,48.02,14.103,37.49,#N/A N/A,49.2542,#N/A N/A,56.8,42.075,10887.36
2/28/2001,1.3036,38.4103,62.2,20.8,23.6875,42.83,30.5385,22.0582,91.75,42.5,99.9,28.5625,48.665,46.66,26.515,29.4,56.375,75.9059,29.5,4.8813,45,35.25,46.29,14.808,38.955,#N/A N/A,44.3691,#N/A N/A,50.09,40.525,10495.28
3/30/2001,1.5764,36.1519,55.71,22.19,15.8125,43.9,28.2198,21.2246,85.1,43.1,96.18,26.3125,43.735,44.9,22.58,26.55,51.95,71.8361,27.3438,5.0688,40.95,31.3,44.05,14.815,36.65,#N/A N/A,44.1898,#N/A N/A,50.5,40.5,9878.78
4/30/2001,1.8207,37.1498,61.8,25.1,16.98,48.28,29.8478,22.4885,91.1,47.1,115.14,30.91,48.24,47.98,23.095,27.5,59.505,71.9024,33.875,5.2263,43.3,30.025,45.1,16.37,39.04,#N/A N/A,49.3617,#N/A N/A,51.74,44.3,10734.97
5/31/2001,1.425,36.8697,62.89,27.08,19.26,48.025,31.1996,24.0751,95.1,49.29,111.8,27.01,48.475,49.15,23.7,30.28,59.29,69.0819,34.59,5.1375,42.89,32.12,50.6,14.375,41.655,#N/A N/A,49.1645,#N/A N/A,51.75,44.375,10911.94
6/29/2001,1.6607,33.9635,55.6,25.025,18.2,45.25,28.5059,22.354,85.8,46.55,113,29.25,50,44.6,22.5,27.06,57.05,60.4881,36.5,5.2488,40.05,31.9,50.69,15.438,36.63,#N/A N/A,47.9545,#N/A N/A,48.8,43.675,10502.4
7/31/2001,1.3421,35.3028,58.53,27.55,19.22,45.695,25.9997,24.4718,83.16,50.37,105.21,29.81,54.1,43.3,22.3,29.14,55.94,64.3402,33.095,5.9438,41.22,35.51,43.85,16.855,36.7,#N/A N/A,48.5371,#N/A N/A,55.9,41.76,10522.81
8/31/2001,1.325,31.8802,51.2,25,16.33,45.375,25.0919,23.5709,80.1,45.95,100,27.96,52.71,39.4,24.335,30.03,52.05,61.6144,28.525,6.25,38.31,37.075,42.03,17.015,34.2,#N/A N/A,44.8173,#N/A N/A,48.05,40.15,9949.75
9/28/2001,1.1079,25.4376,33.5,22.4,12.18,42.375,18.3724,22.0246,71.35,38.37,92.3,20.44,55.4,34.15,23.425,27.14,49.2,63.0341,25.585,5.8513,40.1,36.395,41.22,16.625,23.25,#N/A N/A,48.5012,#N/A N/A,49.5,39.4,8847.56
10/31/2001,1.2543,25.7615,32.6,22.36,16.92,44.275,18.3428,22.354,78.16,38.23,108.07,24.42,57.91,35.36,23.94,26.07,52.19,60.3934,29.075,6.17,41.9,36.89,45.9,16.438,26.945,#N/A N/A,44.647,#N/A N/A,51.4,39.45,9075.14
11/30/2001,1.5214,28.8077,35.1,23.71,20.44,42.505,20.1978,25.2113,88.9,46.66,115.59,32.66,58.25,37.72,23.48,26.84,57.29,64.1225,32.105,6.6238,43.31,38.73,47.08,17.863,30.1,#N/A N/A,42.1282,#N/A N/A,55.15,37.4,9851.56
12/31/2001,1.5643,31.2412,38.78,26.125,18.11,44.805,20.4445,22.7104,92.75,51.01,120.96,31.45,59.1,36.35,23.575,26.47,59.105,55.6517,33.125,7.03,39.85,39.565,43.97,17.693,32.315,#N/A N/A,42.5406,#N/A N/A,57.55,39.3,10021.5
1/31/2002,1.7657,31.3812,40.95,25.14,19.8,41.9,20.78,19.8598,86.98,50.09,107.89,35.04,57.51,34.05,21.875,27.18,55.4,56.0113,31.855,7.4888,41.67,40.84,44.7,18.588,34.365,#N/A N/A,41.5456,#N/A N/A,59.98,39.05,9920
2/28/2002,1.55,31.9064,45.96,27.755,14.27,42.22,22.6942,21.0296,80.94,50,98.12,28.55,60.9,29.25,23.695,26.1,58.965,58.0462,29.17,7.3575,40.96,42.395,48.9,18.123,36.475,#N/A N/A,41.949,#N/A N/A,62.01,41.3,10106.13
3/29/2002,1.6907,35.8543,48.25,28.425,16.93,45.135,22.7731,21.9977,90.25,48.61,104,30.41,64.95,35.65,26.13,27.75,57.505,54.497,30.155,7.5013,39.74,45.045,45.85,19.105,37.1,#N/A N/A,40.9182,#N/A N/A,61.29,43.83,10403.94
4/30/2002,1.7336,35.898,44.6,27.31,14.65,43.355,22.8718,21.3792,78.75,46.37,83.76,28.61,63.86,35.1,27.755,28.4,62.9,51.4305,26.13,6.6663,36.35,45.13,49.81,21.953,35.085,#N/A N/A,35.9524,#N/A N/A,55.86,40.17,9946.22
5/31/2002,1.6643,37.2111,42.65,26.135,15.78,43.625,22.6054,22.4145,75.45,41.69,80.45,27.62,61.35,35.95,27.78,29.94,62.715,54.0427,25.455,6.7188,34.6,44.775,42.61,22.7,34.435,#N/A N/A,38.5429,#N/A N/A,54.1,39.93,9925.25
6/28/2002,1.2657,31.7926,45,24.475,13.95,44.25,18.6487,23.1137,73.35,36.73,72,18.27,52.26,33.92,28,28.45,61.5,47.9286,27.35,6.7063,35,44.65,38.92,22.888,33.95,#N/A N/A,35.9883,#N/A N/A,55.01,40.92,9243.26
7/31/2002,1.09,30.8648,41.52,22.35,13.19,37.5,17.4943,19.4094,73.15,30.88,70.4,18.79,53,24.96,24.97,24.75,62.915,46.9443,23.99,6.1613,32.35,44.495,31.21,21.915,34.75,#N/A N/A,29.5794,#N/A N/A,49.18,36.76,8736.59
8/30/2002,1.0536,31.5651,37.07,21.82,13.82,38.315,15.4715,20.317,77.3,32.93,75.38,16.67,54.31,26.4,25.5,23.76,62.475,47.815,24.54,5.3975,33.08,44.325,30.42,22.088,29.695,#N/A N/A,27.7867,#N/A N/A,53.48,35.45,8663.5
9/30/2002,1.0357,27.2934,34.13,18.61,10.48,34.625,14.9387,18.3606,66.03,26.1,58.39,13.89,54.08,18.99,23.98,17.66,54.985,43.2626,21.87,5.3975,29.02,44.69,28.72,21.805,28.245,#N/A N/A,24.5957,#N/A N/A,49.24,31.9,7591.93
10/31/2002,1.1479,31.8364,29.75,20.425,11.18,33.815,16.478,17.4731,71.6,28.88,78.94,17.3,58.75,20.75,23.24,18.11,63.47,51.3358,26.735,5.8988,31.77,44.225,32.8,22.738,30.835,#N/A N/A,33.846,#N/A N/A,53.55,33.66,8397.03
11/29/2002,1.1071,34.0773,34,24.95,14.92,33.515,19.5565,21.4464,78.87,26.42,87.1,20.88,57.02,25.17,22.82,18.5,64.925,56.229,28.91,5.5975,31.54,42,37.24,20.363,31.235,#N/A N/A,37.5389,#N/A N/A,54.16,34.8,8896.09
12/31/2002,1.0236,30.9436,32.99,22.86,13.1,33.24,16.0932,19.9674,68.1,23.96,77.5,15.57,53.71,24,21.91,16.08,61.65,53.579,25.85,5.5588,30.57,42.97,34.05,20.875,30.97,#N/A N/A,34.7334,#N/A N/A,50.51,34.94,8341.63
1/31/2003,1.0257,31.1011,31.59,21.99,13.37,32.2,17.2673,19.5371,68.1,20.9,78.23,15.66,53.61,23.34,20.23,14.24,62.275,52.4243,23.73,5.5675,30.36,42.785,32.64,21.975,31.79,#N/A N/A,34.3121,#N/A N/A,47.8,34.15,8053.81
2/28/2003,1.0721,29.3942,27.56,23.5,13.98,32.085,16.8332,18.3538,69.45,23.45,77.95,17.25,52.45,22.68,20.11,13.61,62.685,49.9256,23.7,5.7963,29.82,40.93,30.86,20.725,29.29,#N/A N/A,30.9956,#N/A N/A,48.06,34.02,7891.08
3/31/2003,1.01,29.0878,25.06,24.6,12.98,32.325,16.7937,18.5623,68.08,24.36,78.43,16.28,57.87,23.71,20.24,14.46,65.015,51.8469,24.21,6.4275,31.16,44.525,31.8,22.918,28.89,#N/A N/A,31.6858,#N/A N/A,52.03,34.95,7992.13
4/30/2003,1.0143,33.1407,27.28,26.3,15.04,31.405,18.4119,21.9439,75.9,28.13,84.9,18.4,56.36,29.35,20.2,17.1,63.02,55.0649,25.57,6.6913,30.75,44.925,34.34,23.033,30.905,#N/A N/A,33.5054,#N/A N/A,56.32,35.2,8480.09
5/30/2003,1.2836,36.467,30.67,26.075,16.28,35.47,19.3887,21.3792,81.5,32.49,88.04,20.84,54.35,32.86,22.785,18.73,63.235,52.6041,24.61,6.9988,31.02,45.91,36.58,23.985,34.125,#N/A N/A,33.9267,#N/A N/A,52.61,36.4,8850.26
6/30/2003,1.3657,36.5983,34.32,27.83,16.69,36.1,19.4874,20.8145,83.75,33.12,82.5,20.784,51.7,34.18,23.205,22.06,64.49,57.308,25.61,6.6863,34.15,44.59,36.51,25.125,35.415,#N/A N/A,35.3608,#N/A N/A,53.67,35.91,8985.44
7/31/2003,1.5036,38.6641,33.12,33.735,19.52,36.055,21.6286,23.7323,87.14,31.2,81.25,24.95,51.79,35.05,22.485,23.01,70.1,52.3202,26.4,6.4675,33.36,43.935,35.17,26.045,37.615,#N/A N/A,31.2466,#N/A N/A,55.91,35.58,9233.8
8/29/2003,1.6164,39.4344,37.39,35.915,19.15,36.435,20.2274,23.2146,88.49,32.16,82.01,28.62,49.58,34.22,21.76,22.42,71.235,50.32,26.52,7.1225,29.92,43.645,34.76,24.715,40.125,#N/A N/A,31.6589,#N/A N/A,59.17,37.7,9415.82
9/30/2003,1.4736,39.4432,34.33,34.42,19.54,35.725,19.9018,21.8767,83.9,31.85,88.33,27.51,49.52,34.33,21.48,23.54,69.07,50.62,27.79,7.6025,30.38,46.41,37.03,25.16,38.64,#N/A N/A,29.0774,#N/A N/A,55.85,36.6,9275.06
10/31/2003,1.635,41.0801,38.49,36.64,20.98,37.15,22.339,25.3391,93.9,37.07,89.48,33.05,50.33,35.9,23.2,25.01,78.87,44.25,26.15,7.9875,31.6,49.145,38.13,25.44,42.345,#N/A N/A,30.1172,#N/A N/A,58.95,36.58,9801.12
11/28/2003,1.4943,40.0122,38.39,38.025,22.66,37.55,22.783,25.2449,96.08,36.76,90.54,33.43,49.29,35.36,23.25,25.63,79.04,40.6,25.7,8.4063,33.55,48.12,37.1,26.95,42.85,#N/A N/A,29.3732,#N/A N/A,55.64,36.17,9782.46
12/31/2003,1.5264,42.218,42.14,41.51,24.29,43.195,23.0198,27.9476,98.73,35.49,92.68,32.2,51.66,36.73,25.375,24.83,85.03,46.2,27.54,8.5575,35.33,49.94,39.65,29.09,47.385,#N/A N/A,31.4438,#N/A N/A,53.05,41,10453.92
1/30/2004,1.6114,45.3781,41.75,39.065,25.64,43.175,23.6809,28.2031,99.55,35.47,99.23,30.6,53.42,38.89,24.62,25.74,79.09,47.6,27.65,8.7075,36.63,50.54,42.13,30.44,47.77,#N/A N/A,33.0393,#N/A N/A,53.85,40.79,10488.07
2/27/2004,1.7093,46.7611,43.37,37.875,23.1,44.175,26.1773,29.225,105.87,36.31,96.5,29.23,53.91,41.02,24.98,28.3,78.02,48.08,26.5,9.1563,36.65,51.255,42.74,31,46.055,#N/A N/A,34.3569,#N/A N/A,59.56,42.17,10583.92
3/31/2004,1.9321,45.3868,41.07,39.535,23.52,43.89,24.6578,27.0803,104.35,37.36,91.84,27.2,50.72,41.95,25.15,28.57,81.87,44.19,24.97,9.7338,35.05,52.44,40.01,32.22,43.15,#N/A N/A,32.7525,#N/A N/A,59.69,41.59,10357.7
4/30/2004,1.8379,42.8483,42.69,38.865,20.87,45.75,22.7238,26.6837,96.75,35.19,88.17,25.73,54.03,37.6,25.285,27.23,86.48,47,25.97,8.9938,35.76,52.875,40.67,30.74,43.13,#N/A N/A,33.8281,#N/A N/A,57,42.55,10225.57
5/31/2004,2.0043,44.3802,45.8,37.675,22.15,45.2,23.158,26.8248,93.91,35.92,88.59,28.55,55.71,36.84,25.675,26.4,84.56,47.3,26.35,8.8938,35.34,53.91,39.68,32.625,42.305,#N/A N/A,30.9956,#N/A N/A,55.73,43.25,10188.45
6/30/2004,2.3243,44.9754,51.09,39.72,23.7,47.055,25.1511,27.3627,94.16,35.2,88.15,27.6,55.7,38.77,25.24,26,90.01,47.5,28.56,9.4688,34.28,54.44,40.54,31.125,45.74,#N/A N/A,32.4387,#N/A N/A,52.76,44.41,10435.48
7/30/2004,2.31,43.9862,50.75,36.745,20.86,47.825,22.783,26.8181,88.19,33.72,87.07,24.38,55.27,37.33,21.93,27.5,82.36,45.35,28.46,9.0888,31.96,52.15,37.07,31.45,46.75,#N/A N/A,34.5451,#N/A N/A,53.01,46.3,10139.71
8/31/2004,2.4636,43.7849,52.22,36.35,18.76,48.75,22.1515,28.7812,89.65,36.56,84.69,21.29,58.1,39.58,22.355,27.02,82.36,44.97,27.3,9.4138,32.67,55.97,34.69,33.065,46.955,#N/A N/A,35.1816,#N/A N/A,52.67,46.1,10173.92
9/30/2004,2.7679,45.0454,51.62,40.225,18.1,53.64,22.2502,30.3746,93.24,39.2,85.74,20.06,56.33,39.73,20.025,28.03,79.97,33,27.65,9.85,30.6,54.12,33.06,36.87,46.69,#N/A N/A,35.2981,#N/A N/A,53.2,48.33,10080.27
10/29/2004,3.7521,46.4547,49.9,40.27,19.21,53.06,24.8847,30.2132,98.38,41.08,89.75,22.26,58.38,38.6,20.33,29.15,77.57,31.31,27.99,10.1638,28.95,51.18,33.96,36.2,46.41,#N/A N/A,35.0471,#N/A N/A,53.92,49.22,10027.47
11/30/2004,4.7893,48.7656,53.57,45.775,18.71,54.6,26.5226,33.9311,104.76,41.75,94.24,22.35,60.32,37.65,19.655,30.74,79.59,28.02,26.81,10.5825,27.77,53.48,36.48,41.425,48.79,#N/A N/A,36.9563,#N/A N/A,52.06,51.25,10428.02
12/31/2004,4.6,49.3434,51.77,48.755,19.3,52.51,27.4304,33.2857,104.04,42.74,98.58,23.39,63.42,39.01,20.815,32.06,82.07,32.14,26.71,11.3363,26.89,55.08,37.07,44.015,51.675,#N/A N/A,36.311,#N/A N/A,52.82,51.26,10783.01
1/31/2005,5.4929,46.6998,50.6,44.55,18.04,54.4,28.2494,33.4134,107.85,41.26,93.42,22.45,64.7,37.33,20.745,32.39,84.36,28.05,26.28,10.8288,24.16,53.23,37.54,44.45,50.34,#N/A N/A,31.9009,#N/A N/A,52.4,51.6,10489.94
2/28/2005,6.4086,47.4001,54.97,47.525,17.42,62.08,27.5685,37.0774,108.8,40.02,92.58,23.98,65.6,36.55,21.4,33.08,83.94,31.7,25.18,10.8688,26.29,53.09,38.32,45.58,49.94,#N/A N/A,32.2415,#N/A N/A,51.61,63.31,10766.23
3/31/2005,5.9529,44.9666,58.46,45.72,17.89,58.31,28.348,33.5142,109.99,38.24,91.38,23.23,67.16,34.6,20.835,31.14,85.69,32.37,24.17,10.4138,26.27,53,36.73,47.69,50.83,#N/A N/A,31.8203,#N/A N/A,50.11,59.6,10503.76
4/29/2005,5.1514,46.1309,59.52,44.025,17.28,52,26.049,30.8788,106.79,35.37,76.38,23.52,68.63,35.49,21.72,29.31,76.47,33.9,25.3,9.6013,27.17,54.15,35.8,47.255,50.86,#N/A N/A,32.0892,#N/A N/A,47.14,57.03,10192.51
5/31/2005,5.6729,47.1375,63.9,47.055,19.38,53.78,27.0752,30.4485,97.5,39.35,75.55,26.93,67.1,35.75,22.315,30.94,76.65,32.44,25.8,10.275,27.9,55.15,37.88,48.58,53.35,#N/A N/A,31.7127,#N/A N/A,47.23,56.2,10467.48
6/30/2005,5.2586,46.5948,66,47.655,19.11,55.92,24.8452,29.9376,102.02,38.9,74.2,26.06,65,35.32,20.875,27.75,72.3,30.8,24.84,10.825,27.58,52.75,39.53,52.14,51.35,#N/A N/A,30.9687,#N/A N/A,48.2,57.47,10274.97
7/29/2005,6.0929,48.1442,66.01,53.91,19.15,58.01,25.2991,32.2369,107.48,43.51,83.46,27.14,63.96,35.14,21.88,31.17,75,31.06,25.61,10.475,26.5,55.63,44.02,52.3,50.7,#N/A N/A,30.6819,#N/A N/A,49.35,58.75,10640.91
8/31/2005,6.7043,48.3542,67.02,55.49,17.62,61.4,24.8551,29.0434,111.18,40.32,80.62,25.72,63.39,33.89,22,32.45,71.15,28.23,27.4,9.8638,25.47,55.48,43.01,51.5,50,#N/A N/A,29.3195,#N/A N/A,44.96,59.9,10481.6
9/30/2005,7.6586,50.28,67.95,58.75,17.93,64.73,23.8092,28.0148,121.58,38.14,80.22,24.65,63.28,33.93,21.595,33.49,73.36,27.21,25.73,10.21,24.97,59.46,44.87,56.2,51.84,#N/A N/A,29.3015,#N/A N/A,43.82,63.54,10568.7
10/31/2005,8.2271,49.77,64.64,52.59,17.45,57.07,24.046,30.8318,126.37,41.04,81.88,23.5,62.62,36.62,21.39,31.6,75.98,28.22,25.7,10.5063,21.74,55.99,45.03,57.89,51.28,#N/A N/A,28.2438,#N/A N/A,47.31,56.14,10440.07
11/30/2005,9.6886,51.42,68.19,57.78,17.54,57.31,24.5986,30.4217,128.96,41.78,88.9,26.68,61.75,38.25,21.345,33.85,78.48,29.4,27.71,10.6625,21.2,57.19,46.53,59.86,53.84,#N/A N/A,28.6651,#N/A N/A,48.56,58.03,10805.87
12/30/2005,10.27,51.46,70.24,57.77,17.12,56.77,23.6513,29.4603,127.71,40.48,82.2,24.96,60.1,39.69,20.155,33.72,77.5,31.81,26.15,10.8488,23.32,57.88,44.67,62.14,55.91,#N/A N/A,26.9979,#N/A N/A,46.8,56.17,10717.5
1/31/2006,10.7871,52.45,68.31,67.9,18.57,59.38,24.9735,28.4384,141.25,40.55,81.3,21.27,57.54,39.75,20.69,35.01,72.75,34.5,28.15,10.1188,25.68,59.23,45.38,59.42,58.37,#N/A N/A,28.3783,#N/A N/A,46.11,62.75,10864.86
2/28/2006,9.7914,53.88,72.69,73.08,20.24,56.48,27.6179,28.9291,141.29,42.15,80.24,20.6,57.65,41.14,20.985,34.91,73.59,34.86,26.9,10.8475,26.19,59.93,42.98,58.23,58.5,#N/A N/A,30.2068,#N/A N/A,45.36,59.37,10993.41
3/31/2006,8.96,52.55,77.93,71.81,21.67,57.97,27.5192,27.2955,156.96,42.3,82.47,19.46,59.22,41.64,20.935,34.36,75.69,35.23,27.21,10.6375,24.92,57.62,41.79,55.86,57.97,#N/A N/A,30.5295,#N/A N/A,47.24,60.86,11109.32
4/28/2006,10.0557,53.81,83.45,75.74,20.95,61.02,27.5883,27.3022,160.29,39.93,82.34,19.98,58.61,45.38,20.98,34.57,85.43,34.42,24.15,10.23,25.33,58.21,44.03,49.74,62.81,#N/A N/A,29.6063,#N/A N/A,45.03,63.08,11367.14
5/31/2006,8.5386,54.36,83.25,72.95,19.68,59.79,30.0945,26.8047,150.95,38.12,79.9,18.02,60.22,42.64,22.015,33.17,83.66,33.29,22.65,10.0388,23.66,54.25,44.02,43.96,62.52,#N/A N/A,27.9749,#N/A N/A,48.45,60.91,11168.31
6/30/2006,8.16,53.22,81.91,74.48,19.53,62.06,29.6011,26.2399,150.43,35.79,76.82,18.95,59.92,42,21.51,33.6,80.77,36.43,23.3,10.125,23.47,55.6,44.58,44.78,63.42,#N/A N/A,30.0186,#N/A N/A,48.17,61.35,11150.22
7/31/2006,9.7086,52.06,77.42,70.87,17.85,65.78,29.2953,23.2482,152.75,34.71,77.41,18,62.55,45.62,22.25,35.39,70.4,40.27,24.03,9.875,25.99,56.2,45.8,47.83,62.19,#N/A N/A,30.3144,#N/A N/A,44.5,67.74,11185.68
8/31/2006,9.6929,52.54,74.9,66.35,21.99,64.4,29.2558,25.6349,148.65,34.29,80.97,19.54,64.66,45.66,22.405,35.9,71.7,40.55,25.69,10.095,27.56,61.9,43.9,51.95,62.71,#N/A N/A,31.5334,#N/A N/A,44.72,67.67,11381.15
9/29/2006,11.0043,56.08,78.85,65.8,23,64.86,30.499,26.2063,169.17,36.27,81.94,20.57,64.94,46.96,22.34,39.12,74.42,41.9,27.33,10.9525,28.36,61.98,46.89,49.2,63.35,#N/A N/A,33.2813,#N/A N/A,49.32,67.1,11679.07
10/31/2006,11.5829,57.81,79.86,60.71,24.13,67.2,31.0417,27.4232,189.79,37.33,92.33,21.34,67.4,47.44,23.36,41.92,78.84,45.42,28.71,11.485,26.65,63.39,51.13,48.78,65.72,#N/A N/A,33.1648,#N/A N/A,49.28,71.42,12080.73
11/30/2006,13.0971,58.72,88.53,62.03,26.88,72.32,32.6106,26.8988,194.8,37.97,91.92,21.35,65.91,46.28,23.415,41.97,81.46,44.51,29.33,12.3688,27.49,62.79,51.81,49.08,64.53,#N/A N/A,32.502,#N/A N/A,46.1,76.81,12221.93
12/29/2006,12.12,60.67,88.84,61.33,27.33,73.53,33.8144,26.8517,199.35,40.16,97.15,20.25,66.02,48.3,24.125,44.33,77.93,43.6,29.86,12.3788,25.9,64.27,53.69,53.73,62.52,#N/A N/A,34.6415,#N/A N/A,46.18,76.63,12463.15
1/31/2007,12.2471,58.22,89.56,64.07,26.59,72.88,34.7024,27.9274,212.16,40.74,99.15,20.96,66.8,50.93,23.94,44.35,74.3,44.75,30.86,12.3513,26.24,64.87,50.85,52.26,68.02,#N/A N/A,35.8322,#N/A N/A,47.69,74.1,12621.69
2/28/2007,12.0871,56.87,87.27,64.42,25.94,68.61,33.8045,29.4468,201.6,39.6,93.01,19.85,63.05,49.4,23.34,43.72,74.08,44.16,28.17,13.0588,24.96,63.49,50.76,52.2,65.63,#N/A N/A,34.8182,#N/A N/A,48.3,71.68,12268.63
3/30/2007,13.2729,56.4,88.91,67.03,25.53,73.96,33.9722,30.8318,206.63,36.74,94.26,19.13,60.26,48.38,24,45.05,76.43,44.17,27.87,13.2825,25.26,63.16,51.77,52.97,65,#N/A N/A,35.274,#N/A N/A,46.95,75.45,12354.35
4/30/2007,14.2571,60.67,93,72.62,26.74,77.79,34.5149,29.9914,218.61,37.87,102.21,21.5,64.22,52.1,26.095,48.28,82.77,51.44,29.94,13.465,26.46,64.31,54.1,53.06,67.13,#N/A N/A,35.5159,#N/A N/A,47.92,79.38,13062.91
5/31/2007,17.3657,64.98,100.59,78.58,26.92,81.49,34.9688,30.5091,230.82,38.87,106.6,22.17,63.27,51.83,26.495,50.55,87.96,52.45,30.67,14.1875,27.49,63.55,54.17,54.77,70.55,#N/A N/A,40.4926,#N/A N/A,47.6,83.17,13627.64
6/29/2007,17.4343,61.18,96.16,78.3,27.85,84.24,34.14,29.7292,216.75,39.35,105.25,23.76,61.62,48.45,26.155,50.76,86.79,49.8,29.47,14.5725,25.57,61.19,53.5,51.14,70.93,#N/A N/A,38.2972,#N/A N/A,48.11,83.88,13408.62
7/31/2007,18.8229,58.54,103.43,78.8,28.91,85.26,33,29.2317,188.34,37.17,110.65,23.62,60.5,44.01,26.055,47.87,88.92,49.65,28.99,14.1125,23.51,61.86,50.78,48.43,72.97,#N/A N/A,39.6461,#N/A N/A,45.95,85.13,13211.99
8/31/2007,19.7829,58.62,96.7,75.77,31.92,87.76,33.6,28.6602,176.01,38.31,116.69,25.75,61.79,44.52,26.89,49.25,90.99,50.17,28.73,14.085,24.84,65.31,50.54,50.01,74.63,#N/A N/A,38.9577,#N/A N/A,43.63,85.73,13357.74
9/28/2007,21.9343,59.37,104.99,78.43,33.11,93.58,34.39,28.9493,216.74,32.44,117.8,25.86,65.7,45.82,28.735,54.47,93.58,51.69,29.46,14.665,24.43,70.34,50.34,48.43,80.48,#N/A N/A,41.1902,#N/A N/A,43.65,92.56,13895.63
10/31/2007,27.1357,60.95,98.59,74.61,33.06,91.51,34.63,30.2805,247.92,31.51,116.12,26.9,65.17,47,30.88,59.7,86.36,58.26,36.81,16.565,24.61,69.52,52.21,49.15,76.59,#N/A N/A,42.8553,#N/A N/A,45.21,91.99,13930.01
11/30/2007,26.0314,58.98,92.54,71.9,28.02,87.77,33.15,28.1963,226.64,28.56,105.18,26.08,67.74,45.62,31.05,58.47,83.26,59.36,33.6,16.4125,23.76,74,53.11,55,74.77,#N/A N/A,40.1949,#N/A N/A,47.9,89.16,13371.72
12/31/2007,28.2971,52.02,87.46,72.56,27.07,93.33,32.28,26.5021,215.05,26.94,108.1,26.66,66.7,43.65,30.685,58.91,84.32,58.11,35.6,16.06,22.73,73.42,53.8,58.2,76.54,#N/A N/A,40.6414,#N/A N/A,47.53,93.69,13264.82
1/31/2008,19.3371,49.32,83.18,71.14,24.5,84.5,29.93,25.9912,200.77,30.67,107.34,21.2,63.26,47.55,29.585,53.55,79.65,46.28,32.6,15.44,23.39,65.95,48.1,50.84,73.41,#N/A N/A,36.1298,#N/A N/A,50.88,86.4,12650.36
2/29/2008,17.86,42.3,82.79,72.33,24.37,86.66,32.41,25.3391,169.63,26.55,113.86,19.95,61.96,40.65,29.23,54.11,78.4,44.3,27.22,15.05,22.28,66.18,46.41,46.48,70.51,#N/A N/A,33.7857,#N/A N/A,49.59,87.01,12266.39
3/31/2008,20.5,43.72,74.37,78.29,24.09,85.36,31.38,24.7743,165.39,27.97,115.14,21.18,64.87,42.95,30.435,55.77,79.15,37.95,28.38,17,20.93,70.07,47.85,34.36,68.82,15.59,33.9066,#N/A N/A,52.68,84.58,12262.89
4/30/2008,24.85,48.02,84.86,81.88,25.64,96.15,32.43,26.9929,191.37,28.8,120.7,22.26,67.09,47.65,29.435,59.58,76.9,38.04,28.52,16.7,20.11,67.05,50.4,32.63,72.47,20.8625,35.9553,#N/A N/A,57.98,93.07,12820.13
5/30/2008,26.9643,46.35,82.77,82.64,26.72,99.15,33.6,27.161,176.41,27.36,129.43,23.18,66.74,43,28.63,59.32,77.56,38.96,28.32,17.0925,19.36,66.05,49.81,34.21,71.04,21.59,35.946,#N/A N/A,57.74,88.76,12638.32
6/30/2008,23.92,37.67,65.72,73.82,23.26,99.13,31.2,23.4701,174.9,23.42,118.53,21.48,64.34,34.31,25.99,56.22,69.59,37.69,27.51,14.9025,17.47,60.81,43.4,26.25,61.7,20.3275,33.0774,#N/A N/A,56.2,88.13,11350.01
7/31/2008,22.7071,37.12,61.11,69.52,21.99,84.56,30.35,22.3944,184.04,23.83,127.98,22.19,68.47,40.63,25.75,59.79,70.39,32.9,25.72,14.67,18.67,65.48,44.12,28.08,63.98,18.265,31.8066,#N/A N/A,58.62,80.43,11378.02
8/29/2008,24.2186,39.68,65.56,70.73,24.05,86.32,32.35,22.9457,163.97,27.12,121.73,22.87,70.43,38.49,26.035,62,71.6,35.67,27.29,15.1525,19.11,69.77,44.16,30.45,65.59,18.975,32.8158,#N/A N/A,59.07,80.01,11543.55
9/30/2008,16.2371,35.43,57.35,59.6,22.56,82.48,30.69,21.3658,128,25.89,116.96,18.73,69.28,46.7,26.44,61.7,68.31,31.56,26.69,16.725,18.44,69.69,45.2,25.39,60.06,15.3475,29.9846,#N/A N/A,59.89,77.66,10850.66
10/31/2008,15.37,27.5,52.27,38.17,17.77,74.6,25.9,17.9303,92.5,23.59,92.97,16,61.34,41.25,22.03,57.93,64.3,30.95,22.33,14.4075,17.71,64.54,42.55,23.73,54.96,13.8375,27.7234,#N/A N/A,55.81,74.12,9325.01
11/28/2008,13.2386,23.31,42.63,40.99,16.54,79.01,22.52,12.4712,78.99,23.11,81.6,13.8,58.58,31.66,23.435,58.75,66.93,26.72,20.22,13.3125,16.43,64.35,43.65,21.01,48.53,13.14,30.5078,#N/A N/A,55.88,80.15,8829.04
12/31/2008,12.1929,18.55,42.67,44.67,16.3,73.97,22.69,10.145,84.39,23.02,84.16,14.66,59.83,31.53,22.635,62.19,57.54,30.4,19.44,12.75,17.71,61.82,45.2,26.6,53.6,13.1125,31.6758,#N/A N/A,56.06,79.83,8776.39
1/30/2009,12.8757,16.73,42.31,30.85,14.97,70.52,20.68,7.792,80.73,21.53,91.65,12.9,57.69,25.51,21.36,58.02,53.79,28.55,17.1,11.3125,14.58,54.5,38.64,28.33,47.99,12.3375,27.9102,#N/A N/A,47.12,76.48,8000.86
2/27/2009,12.7586,12.06,31.44,24.61,14.57,60.71,16.77,4.8137,91.08,20.89,92.03,12.74,50,22.85,20.425,52.25,45.46,24.2,16.15,10.3825,12.31,48.17,36.15,19.65,40.83,14.1775,26.6582,#N/A N/A,49.24,67.9,7062.93
3/31/2009,15.0171,13.63,35.58,27.96,16.77,67.24,18.16,5.6675,106.02,23.56,96.89,15.05,52.6,26.58,21.975,54.57,49.72,26.75,18.37,11.7225,13.62,47.09,40.64,20.93,42.98,13.9,28.2186,#N/A N/A,52.1,68.1,7608.92
4/30/2009,17.9757,25.22,40.05,35.58,19.32,66.1,21.9,10.7568,128.5,26.32,103.21,15.78,52.36,33,21.525,53.29,57.6,24.24,20.26,13.1175,13.36,49.44,41.14,23.52,48.84,16.24,28.3494,#N/A N/A,50.4,66.67,8168.12
5/29/2009,19.4014,24.85,44.85,35.46,18.5,66.67,24.22,11.8863,144.57,23.16,106.28,15.72,55.16,36.9,24.58,58.99,57.1,27.58,20.89,14.2625,15.19,51.94,40.66,26.6,52.61,16.9275,27.3403,#N/A N/A,49.74,69.35,8500.33
6/30/2009,20.3471,23.24,42.5,33.04,18.64,66.25,23.33,10.851,147.44,23.63,104.42,16.55,56.8,34.11,23.995,57.49,60.1,27.96,23.77,12.945,15,51.1,41.04,24.98,51.96,15.565,28.7138,#N/A N/A,48.44,69.91,8447
7/31/2009,23.3414,28.33,42.91,44.06,22.01,69.47,25.12,14.2326,163.3,25.94,117.93,19.25,60.89,38.65,24.92,55.06,70.52,30.01,23.52,14.16,15.93,55.51,43.07,28.06,54.47,16.365,29.9659,#N/A N/A,49.88,70.39,9171.61
8/31/2009,24.03,33.82,49.67,45.31,21.6,69.94,26.04,14.3133,165.46,27.29,118.05,20.32,60.44,43.46,24.385,56.24,72.1,32.43,24.65,13.8475,16.7,54.11,50.42,28,59.36,17.775,29.0035,#N/A N/A,50.87,69.15,9496.28
9/30/2009,26.4814,33.9,54.15,51.33,23.54,70.43,27.46,17.5269,184.35,26.64,119.61,19.57,60.89,43.82,26.85,57.07,73.8,31.63,25.89,16.175,16.55,57.92,49.23,25.04,60.93,17.2775,28.284,#N/A N/A,49.09,68.61,9712.28
10/30/2009,26.9286,34.84,47.8,55.06,22.85,76.54,27.37,15.7856,170.17,25.09,120.61,19.11,59.05,41.77,26.655,58.61,73.57,30.93,27.73,15.545,17.03,58,49.79,25.95,61.45,18.94,27.6486,#N/A N/A,49.68,71.67,9712.73
11/30/2009,28.5586,41.83,52.41,58.39,23.4,78.04,30.22,18.6765,169.66,27.36,126.35,19.2,62.84,42.49,28.6,63.25,77.44,36.21,29.41,16.2225,18.17,62.35,52.39,28.67,67.24,20.25,29.3959,#N/A N/A,54.55,75.07,10344.84
12/31/2009,30.1229,40.52,54.13,56.99,23.94,76.99,32.25,18.5757,168.84,28.93,130.9,20.4,64.41,41.67,28.5,62.44,82.67,36.54,30.49,16.5175,18.19,60.63,49.86,30.48,69.41,21.865,30.9564,#N/A N/A,53.45,68.19,10428.05
1/29/2010,27.4457,37.66,60.6,52.24,22.47,72.12,29.55,18.2127,148.72,28.01,122.39,19.4,62.86,38.94,27.125,62.43,80.49,38.18,28.18,15.9375,18.66,61.55,50.67,33,67.48,20.5075,27.4898,#N/A N/A,53.43,64.43,10067.33
2/26/2010,29.2314,38.19,63.16,57.05,24.33,72.3,31.24,19.0329,156.35,31.2,127.16,20.53,63,41.97,26.36,63.85,80.15,36.88,28.66,16.9,17.55,63.28,52.59,33.86,68.65,21.32,27.0319,#N/A N/A,54.07,65,10325.26
3/31/2010,33.5614,41.26,72.61,62.85,26.03,75.83,34.91,19.88,170.63,32.35,128.25,22.26,65.2,44.75,27.5,66.72,83.57,37.35,29.27,18.375,17.15,63.27,53.94,32.67,73.61,22.7575,28.9848,#N/A N/A,55.6,66.98,10856.63
4/30/2010,37.3029,46.12,72.43,68.09,26.92,81.44,36.84,20.7271,145.2,35.25,129,22.83,64.3,42.58,26.725,70.59,88.67,35.04,30.54,18.9775,16.72,62.16,50.74,30.31,74.95,22.5575,26.9945,#N/A N/A,53.65,67.85,11008.61
5/31/2010,36.7371,39.87,64.18,60.76,23.16,73.87,33.42,18.0916,144.26,33.86,125.26,21.42,58.3,39.58,25.7,66.87,79.31,33.69,25.8,18.095,15.23,61.09,49.47,29.07,67.38,18.115,25.7144,#N/A N/A,50.56,60.46,10136.63
6/30/2010,35.9329,39.7,62.75,60.07,21.31,67.86,31.5,15.947,131.27,28.07,123.48,19.45,59.06,36.61,25.06,65.87,78.99,34.97,23.01,16.8875,14.26,59.98,49.25,28.4,64.91,17.6875,26.1816,#N/A N/A,48.07,57.07,9774.02
7/30/2010,36.75,44.64,68.14,69.75,23.07,76.21,33.69,18.374,150.82,28.51,128.4,20.6,58.09,40.28,27.555,69.73,85.54,34.46,25.81,18.41,15,61.16,50.45,30.45,71.1,18.3375,29.06,#N/A N/A,51.19,59.68,10465.94
8/31/2010,34.7671,39.87,61.13,65.16,20.05,74.16,32.59,16.384,136.94,27.81,123.23,17.72,57.02,36.36,27.96,73.06,78.55,35.16,23.48,17.5,15.93,59.67,48.98,31.72,65.21,17.245,29.51,#N/A N/A,50.14,59.16,10014.72
9/30/2010,40.5357,42.03,66.54,78.68,21.9,81.05,33.11,18.4614,144.58,31.68,134.14,19.23,61.96,38.07,29.26,74.51,86.71,36.81,24.49,20.035,17.17,59.97,52.1,35.11,71.23,18.565,32.59,#N/A N/A,53.52,61.79,10788.05
10/29/2010,42.9814,41.46,70.64,78.6,22.83,82.61,36.11,20.7271,160.95,30.88,143.6,20.07,63.67,37.63,30.66,77.77,84.22,36.28,26.64,20.36,17.4,63.57,55.2,36.05,74.77,19.5425,32.47,#N/A N/A,54.17,66.47,11118.49
11/30/2010,44.45,43.22,63.77,84.6,19.16,80.97,36.51,20.9624,156.14,30.21,141.46,21.12,61.55,37.38,31.585,78.3,83.98,34.47,25.21,21.5325,16.29,61.07,53.99,36.52,75.27,18.4625,32.01,#N/A N/A,54.09,69.56,11006.02
12/31/2010,46.08,42.92,65.26,93.66,20.23,91.25,37.51,22.9524,168.16,35.06,146.76,21.03,61.85,42.42,32.885,76.76,86.3,36.04,27.92,21.355,17.51,64.33,55.71,36.11,78.72,17.595,35.78,#N/A N/A,53.93,73.12,11577.51
1/31/2011,48.4743,43.38,69.48,97.01,21.15,94.93,38.87,23.8533,163.62,36.77,162,21.46,59.77,44.94,31.425,73.67,87.92,33.17,27.725,20.62,18.22,63.13,56.26,41.05,81.3,17.4625,35.62,#N/A N/A,56.07,80.68,11891.93
2/28/2011,50.4586,43.57,72.01,102.93,18.56,103.75,43.74,24.9827,163.78,37.47,161.88,21.47,61.44,46.69,31.96,75.68,92.23,32.57,26.58,22.2575,19.24,63.05,59.93,42.58,83.54,18.2625,36.92,#N/A N/A,51.98,85.53,12226.34
3/31/2011,49.7786,45.2,73.93,111.35,17.15,107.43,43.09,25.3794,158.47,37.06,163.07,20.17,59.25,46.1,33.175,76.09,93.5,33.01,25.36,18.925,20.31,61.6,59.48,45.2,84.65,18.405,38.54,#N/A N/A,52.05,84.13,12319.73
4/29/2011,49.7471,49.08,79.78,115.41,17.56,109.44,43.1,27.5577,151.01,37.14,170.58,23.19,65.72,45.63,33.73,78.31,97.21,35.95,26.02,20.58,20.96,64.9,63.28,49.23,89.58,19.53,37.78,#N/A N/A,54.98,88,12810.54
5/31/2011,49.69,51.6,78.03,105.8,16.8,104.91,41.63,24.2903,140.73,36.28,168.93,22.51,67.29,43.24,33.405,81.54,94.38,36.75,25.01,21.1125,21.45,67,62.08,48.95,87.77,20.265,36.93,#N/A N/A,55.22,83.47,12569.79
6/30/2011,47.9529,51.7,73.93,106.46,15.61,102.84,39.04,24.2029,133.09,36.22,171.55,22.16,66.52,40.94,33.645,84.32,94.85,35.29,26,22.495,20.6,63.57,58.38,51.58,88.51,21.065,37.23,#N/A N/A,53.14,81.38,12414.34
7/29/2011,55.7829,50.04,70.47,98.79,15.97,104.02,38.62,23.4432,134.97,34.93,181.85,22.33,64.79,40.45,34.005,86.48,87.14,34.13,27.4,22.5375,19.24,61.49,55.13,49.63,82.84,21.385,35.29,#N/A N/A,52.71,79.79,12143.24
8/31/2011,54.9757,49.71,66.86,91,15.68,98.91,34.06,19.127,116.22,33.38,171.91,20.13,65.8,37.56,35.225,90.46,82.98,33.12,26.6,21.6625,18.98,63.68,50.46,47.52,74.25,21.97,36.17,#N/A N/A,53.21,74.04,11613.53
9/30/2011,54.4543,44.9,60.51,73.84,15.49,92.52,30.16,15.0999,94.55,32.87,175.03,21.33,63.71,30.12,33.78,87.82,71.79,32.71,24.89,21.3775,17.68,63.18,48.73,46.12,70.36,21.43,36.8,#N/A N/A,51.9,72.63,10913.38
10/31/2011,57.8257,50.62,65.79,94.46,18.53,105.05,34.88,18.7438,109.55,35.8,184.63,24.54,64.39,34.76,34.16,92.85,79.02,34.5,26.63,24.0875,19.26,63.99,58.35,47.99,77.98,23.315,36.98,#N/A N/A,56.72,78.09,11955.01
11/30/2011,54.6,48.04,68.69,97.88,18.64,102.82,35.85,18.6295,95.86,39.22,188,24.91,64.72,30.97,33.615,95.52,81.04,35.75,25.58,24.045,20.07,64.57,56.25,48.77,76.6,24.2425,37.73,#N/A N/A,58.9,80.44,12045.68
12/30/2011,57.8571,47.17,73.35,90.6,18.08,106.4,37.5,19.3354,90.43,42.04,183.88,24.25,65.58,33.25,34.985,100.33,81.73,37.7,25.96,24.0925,21.64,66.71,59.17,50.68,73.09,25.3825,40.12,#N/A N/A,59.76,84.76,12217.56
1/31/2012,65.2114,50.14,74.18,109.12,19.63,103.08,38.9,22.5288,111.47,44.39,192.6,26.42,65.91,37.3,33.765,99.05,86.71,38.26,29.53,25.9975,21.4,63.04,58.3,51.79,78.35,25.16,37.66,#N/A N/A,61.36,83.74,12632.91
2/29/2012,77.4914,52.89,74.95,114.21,19.88,109.12,41.99,22.5288,115.14,47.57,196.73,26.88,65.08,39.24,34.93,99.28,87.6,38.17,31.74,26.98,21.1,67.52,57.97,55.75,83.87,29.0925,38.11,#N/A N/A,59.08,86.5,12952.07
3/30/2012,85.6386,57.86,74.37,106.52,21.15,107.24,43.78,23.2885,124.37,50.31,208.65,28.11,65.96,45.98,37.005,98.1,89.21,38.4,32.25,27.11,22.66,67.21,59.2,58.94,82.94,29.5,38.23,#N/A N/A,61.2,86.73,13212.04
4/30/2012,83.4629,60.21,76.8,102.77,20.15,106.56,43.11,22.7776,115.15,51.79,207.08,28.4,65.09,42.98,38.16,97.45,89.36,39.24,32.02,27.9675,22.93,63.64,64.32,56.15,81.64,30.745,40.38,#N/A N/A,58.91,86.34,13213.63
5/31/2012,82.5329,55.83,69.61,87.62,16.33,98.31,45.71,20.8817,95.7,49.34,192.9,25.84,62.43,33.15,37.365,89.34,84.41,37.58,29.19,27.045,21.87,62.29,62.49,55.77,74.11,28.8,41.64,#N/A N/A,65.82,78.63,12393.45
6/29/2012,83.4286,58.21,74.3,84.91,17.17,105.5,48.5,21.1775,95.86,52.99,195.58,26.65,67.56,35.73,39.095,88.53,89.6,41.75,30.59,21.945,23,61.25,63.84,58.5,75.53,30.9075,44.44,#N/A N/A,69.72,85.57,12880.09
7/31/2012,87.2514,57.71,73.91,84.21,15.95,109.58,49.14,19.3488,100.9,52.18,195.98,25.7,69.22,36,40.4,89.36,91.23,44.17,29.47,23.3375,24.04,64.54,62.65,51.09,74.44,32.2675,45.14,#N/A N/A,74.43,86.85,13008.68
8/31/2012,95.0343,58.3,71.4,85.33,19.08,112.16,49.47,19.7052,105.72,56.75,194.85,24.83,67.43,37.14,37.4,89.49,92.6,43.05,30.82,24.34,23.86,67.19,64.74,54.3,79.85,32.0625,42.94,#N/A N/A,72.6,87.3,13090.84
9/28/2012,95.3229,56.86,69.62,86.04,19.09,116.56,52.28,19.4699,113.68,60.37,207.45,22.68,68.91,40.48,37.93,91.75,92.42,45.1,29.78,23.7275,24.85,69.36,68.26,55.41,78.29,33.57,45.57,#N/A N/A,73.8,91.45,13437.13
10/31/2012,85.0143,55.97,70.44,84.81,17.14,110.21,49.07,19.6984,122.39,61.38,194.53,21.625,70.82,41.68,37.18,86.8,87.6,45.63,28.535,22.845,24.87,69.24,70.94,56,78.16,34.69,44.64,#N/A N/A,75.02,91.17,13096.46
11/30/2012,83.6114,55.9,74.28,85.24,18.91,105.69,49.66,20.2968,117.79,65.07,190.07,19.57,69.73,41.08,37.92,87.04,90.95,44.3,26.62,24.37,25.02,69.83,70.82,54.39,80.11,37.4275,44.12,#N/A N/A,72.02,88.14,13025.58
12/31/2012,76.1471,57.48,75.36,89.58,19.65,108.14,49.79,21.7288,127.56,61.85,191.55,20.63,70.1,43.97,36.25,88.21,92.85,40.94,26.73,25.8,25.08,67.89,71.82,54.24,82.01,37.895,43.27,#N/A N/A,68.23,86.55,13104.14
1/31/2013,65.0443,58.81,73.87,98.39,20.57,115.15,53.88,21.6481,147.86,66.92,203.07,21.04,73.92,47.05,37.24,95.29,100.55,43.25,27.47,27.025,27.28,75.16,78.46,55.21,87.57,39.4775,43.61,#N/A N/A,69.95,89.97,13860.58
2/28/2013,63.0571,62.15,76.9,92.37,20.85,117.15,54.59,21.3254,149.76,68.5,200.83,20.85,76.11,48.92,38.72,95.9,104,42.73,27.8,27.23,27.37,76.18,80.42,53.45,90.55,39.66,46.53,#N/A N/A,70.78,89.55,14054.49
3/29/2013,63.2329,67.46,85.85,86.97,20.91,118.82,56.8,21.4061,147.15,69.78,213.3,21.85,81.53,47.46,40.44,99.69,106.31,44.23,28.61,29.505,28.86,77.06,84.19,57.21,93.43,42.46,49.15,#N/A N/A,74.83,90.11,14578.54
4/30/2013,63.25,68.41,91.41,84.67,20.92,122.01,62.84,22.7978,146.07,73.35,202.54,23.95,85.23,49.01,42.33,102.14,104.71,47,33.1,31.8,29.07,76.77,85.41,59.93,91.29,42.115,53.91,#N/A N/A,77.72,88.99,14839.8
5/31/2013,64.24,75.71,99.02,85.8,24.08,122.75,63.08,23.1675,162.08,78.66,208.02,24.28,84.18,54.59,39.99,96.57,110.27,46.7,34.88,30.83,27.23,76.76,83.72,62.63,94.9,44.535,48.48,#N/A N/A,74.84,90.47,15115.57
6/28/2013,56.5829,74.76,102.44,82.49,24.31,118.34,63.15,21.6279,151.25,77.47,191.11,24.22,85.86,52.79,40.11,99,109.35,46.45,34.53,31.84,28.01,76.99,79.92,65.48,92.94,45.6875,50.34,#N/A N/A,74.49,90.35,14909.6
7/31/2013,64.6429,73.77,105.1,82.91,25.55,125.89,64.65,23.5575,164.03,79.03,195.04,23.3,93.5,55.73,40.08,98.08,117.43,48.17,31.83,31.46,29.23,80.3,83.55,72.85,105.57,44.2525,49.48,#N/A N/A,77.94,93.75,15499.54
8/30/2013,69.5786,71.91,103.92,82.54,23.31,120.43,60.83,25.1441,152.13,74.49,182.27,21.98,86.41,50.53,38.18,94.36,113.58,47.29,33.4,31.41,28.21,77.89,79.9,71.74,100.1,43.605,47.38,#N/A N/A,72.98,87.16,14810.31
9/30/2013,68.1071,75.52,117.5,83.37,23.42,121.5,64.49,25.8164,158.21,75.85,185.18,22.92,86.69,51.69,37.88,96.21,119.41,47.61,33.31,36.32,28.71,75.59,84.77,71.61,107.82,47.775,46.66,#N/A N/A,73.96,86.04,15129.67
10/31/2013,74.6214,81.8,130.5,83.36,22.5,119.96,68.59,26.5358,160.86,77.89,179.21,24.43,92.61,51.54,39.57,96.52,125.85,45.09,35.35,37.88,30.68,80.75,86.3,68.26,106.25,49.1675,50.51,#N/A N/A,76.75,89.62,15545.75
11/29/2013,79.4386,85.8,134.25,84.6,21.25,122.44,70.54,26.2601,168.94,80.67,179.68,23.84,94.66,57.22,40.19,97.37,133.51,49.83,38.13,39.57,31.73,84.22,90.74,74.48,110.86,50.865,49.62,#N/A N/A,81.01,93.48,16086.41
12/31/2013,80.1586,90.73,136.49,90.81,22.45,124.91,76.4,29.8502,177.26,82.34,187.57,25.96,91.59,58.48,41.31,97.03,140.25,50.05,37.43,39.32,30.63,81.41,90.54,75.3,113.8,55.67,49.14,#N/A N/A,78.69,101.2,16576.66
1/31/2014,71.5143,85.02,125.26,93.91,21.91,111.63,72.61,30.5965,164.12,76.85,176.68,24.54,88.47,55.36,37.82,94.17,128.19,52.97,37.85,36.425,30.4,76.62,81.28,72.28,114.02,53.8575,48.02,#N/A N/A,74.68,92.16,15698.85
2/28/2014,75.1771,91.28,128.92,96.97,21.8,115.33,80.81,32.7478,166.45,82.03,185.17,24.76,92.12,56.82,38.2,95.15,134.73,56.99,38.31,39.15,32.11,78.66,83.84,77.27,117.02,56.485,47.58,#N/A N/A,74.7,96.27,16321.71
3/31/2014,76.6771,90.03,125.49,99.37,22.41,118.91,80.07,32.6671,163.85,79.13,192.49,25.81,98.23,60.71,38.66,98.03,135.66,56.77,40.99,36.93,32.12,80.6,85.1,81.99,116.84,53.965,47.57,#N/A N/A,76.43,97.68,16457.66
4/30/2014,84.2986,87.43,129.02,105.4,23.11,125.52,79.34,33.5479,159.82,79.51,196.47,26.69,101.29,55.98,40.79,101.38,139.09,58.56,40.4,36.475,31.28,82.55,90.58,75.04,118.33,50.6525,46.73,#N/A N/A,79.71,102.41,16580.84
5/30/2014,90.4286,91.5,135.25,102.23,24.62,122.79,84.01,35.0404,159.81,80.23,184.36,27.32,101.46,55.57,40.91,101.43,142.55,57.86,40.94,38.455,29.63,80.79,93.45,79.63,116.22,53.7075,49.96,#N/A N/A,76.77,100.53,16717.17
6/30/2014,92.93,94.87,127.23,108.67,24.85,130.55,85.74,34.5967,167.44,80.96,181.27,30.9,104.62,57.62,42.36,100.74,143.24,57.85,41.7,38.775,29.68,78.59,94.07,81.75,115.45,52.6775,48.93,#N/A N/A,75.07,100.68,16826.6
7/31/2014,95.57,88,120.48,100.75,25.23,129.24,85.88,34.3345,172.87,80.85,191.67,33.89,100.09,57.67,39.29,94.56,140.89,56.74,43.16,38.565,28.7,77.32,89.56,81.05,105.15,52.7525,50.42,#N/A N/A,73.58,98.94,16563.3
8/29/2014,102.5,89.55,126.8,109.07,24.99,129.45,89.88,36.0018,179.11,93.5,192.3,34.92,103.73,59.45,41.72,93.72,144,60.11,45.43,39.275,29.39,83.11,94.71,86.68,107.98,53.13,49.82,#N/A N/A,75.5,99.46,17098.45
9/30/2014,100.75,87.54,127.38,99.03,25.17,119.32,89.03,35.2555,183.57,91.74,189.83,34.82,106.59,60.24,42.66,94.81,141.68,59.28,46.36,44.6,29.57,83.74,93.94,86.25,105.6,53.3425,49.99,#N/A N/A,76.47,94.05,17042.9
10/31/2014,108,89.95,124.91,101.41,24.47,119.95,91.38,33.2117,189.99,97.52,164.4,34.01,107.78,60.48,41.88,93.73,153.77,57.94,46.95,46.485,29.95,87.27,100.8,95.01,107,60.3575,50.25,#N/A N/A,76.27,96.71,17390.52
11/28/2014,118.93,92.42,134.36,100.6,27.64,108.87,92.51,32.7209,188.41,99.4,162.17,37.25,108.25,60.16,44.83,96.81,160.09,60.4,47.81,49.645,31.15,90.43,104.45,98.63,110.08,64.5475,50.59,#N/A N/A,87.54,90.54,17828.24
12/31/2014,110.38,93.04,129.98,91.53,27.815,112.18,94.19,30.6637,193.83,104.97,160.44,36.29,104.57,62.58,42.22,93.7,164.32,56.79,46.45,48.075,31.15,91.09,105.85,101.09,115,65.55,46.78,76.2,85.88,92.45,17823.07
1/30/2015,117.16,80.69,145.37,79.97,26.365,102.53,90.96,30.3611,172.41,104.42,153.31,33.04,100.14,54.38,41.17,92.44,162.3,60.28,40.4,46.125,31.25,84.29,102.82,106.25,114.78,63.7275,45.71,73.75,84.98,87.42,17164.95
2/27/2015,128.46,81.59,150.85,82.9,29.51,106.68,104.08,33.1041,189.79,114.75,161.94,33.25,102.51,61.28,43.3,98.9,168.65,58.54,43.85,48.56,34.32,85.13,107.44,113.63,121.91,67.8275,49.45,83.08,83.93,88.54,18132.7
3/31/2015,124.43,78.12,150.08,80.03,27.525,104.98,104.89,32.257,187.97,113.61,160.5,31.27,100.6,60.58,40.55,97.44,164.95,57.48,40.655,50.165,34.79,81.94,108.13,118.29,117.2,65.41,48.63,84.68,82.25,85,17776.12
4/30/2015,125.15,77.45,143.34,86.88,28.83,111.06,108.72,34.2874,196.42,106.98,171.29,32.55,99.2,63.26,40.56,96.55,156.39,59.56,48.64,49.42,33.93,79.51,101.11,111.4,113.75,66.05,50.44,82.93,78.05,87.37,17840.52
5/29/2015,130.28,79.72,140.52,85.32,29.31,103,110.37,35.0068,206.19,111.42,169.65,34.46,100.14,65.78,40.96,95.93,159.08,60.89,46.86,50.835,34.75,78.39,101.12,120.21,117.17,68.68,49.44,85.84,74.27,85.2,18010.68
6/30/2015,125.425,77.72,138.72,84.82,27.46,96.47,114.14,34.4017,208.79,111.13,162.66,30.415,97.46,67.76,39.23,95.07,154.3,56.93,44.15,54.01,33.53,78.24,96.66,122,110.93,67.15,46.61,84.44,70.93,83.2,17619.51
7/31/2015,121.3,76.06,144.17,78.63,28.42,88.48,120,31.6385,205.07,117.03,161.99,28.95,100.21,68.53,41.08,99.86,151.34,58.96,46.7,57.61,36.06,76.7,106.12,121.4,100.31,75.34,46.79,96.63,71.98,79.21,17689.86
8/31/2015,112.76,76.72,130.68,76.44,25.88,80.99,101.88,29.4199,188.6,116.46,147.89,28.54,93.98,64.1,39.32,95.02,142.14,53.85,43.52,55.875,32.22,70.67,99.55,115.7,91.61,71.3,46.01,86.55,64.73,75.24,16528.03
9/30/2015,110.3,74.13,130.95,65.36,26.25,78.88,102.2,28.5056,173.76,115.49,144.97,30.14,93.35,60.97,40.12,98.53,141.77,49.39,44.26,61.485,31.41,71.94,99.53,116.01,88.99,69.66,43.51,83.1,64.84,74.35,16284.7
10/30/2015,119.5,73.26,148.07,72.99,28.85,90.88,113.74,34.7378,187.5,123.64,140.08,33.86,101.03,64.25,42.35,112.25,157.21,54.66,52.64,65.515,33.82,76.38,112.89,117.78,98.41,77.58,46.88,84.68,57.24,82.74,17663.54
11/30/2015,118.3,71.64,145.45,72.65,27.25,91.32,113.47,35.0471,190.02,133.88,139.42,34.77,101.24,66.68,42.62,114.16,156.58,53.01,54.35,66.14,32.77,74.84,114.57,112.71,96.05,79.01,45.45,84.03,58.84,81.66,17719.92
12/31/2015,105.26,69.55,144.59,67.96,27.155,89.96,105.08,34.6101,180.23,132.25,137.62,34.45,102.72,66.03,42.96,118.14,150.64,52.82,55.48,62.5,32.28,79.41,112.86,117.64,96.07,77.55,46.22,85.155,61.3,77.95,17425.03
1/29/2016,97.34,53.5,120.13,62.24,23.79,86.47,95.82,28.2367,161.56,125.76,124.79,31.02,104.44,59.5,42.92,123.78,151,50.67,55.09,62.01,30.49,81.69,107.04,115.16,87.69,74.49,49.97,79.72,66.36,77.85,16466.3
2/29/2016,96.69,55.58,118.18,67.7,26.18,83.44,95.52,32.6806,149.53,124.12,131.03,29.59,105.21,56.3,43.13,117.19,156.87,50.21,50.88,61.59,29.67,80.29,107.52,119.1,96.62,72.39,50.73,78.94,66.34,80.15,16516.5
3/31/2016,108.99,61.4,126.94,76.54,28.47,95.4,99.31,34.1933,156.98,133.43,151.45,32.35,108.2,59.22,46.39,125.68,166.63,52.91,55.23,61.47,29.64,82.31,116.71,128.9,100.1,76.48,54.08,84.24,68.49,83.59,17685.09
4/29/2016,93.74,65.43,134.8,77.72,27.49,102.18,103.26,35.3698,164.11,133.89,145.94,30.28,112.08,63.2,44.8,126.49,167.38,54.84,49.87,58.94,32.71,80.12,109.9,131.68,104.37,77.24,50.94,79.28,66.87,88.4,17773.64
5/31/2016,99.86,65.76,126.15,72.51,29.05,101,99.22,34.5294,159.48,132.12,153.74,31.59,112.69,65.27,44.6,122.06,168.32,56.26,53,55.22,34.7,81.04,114.14,133.67,100.58,78.94,50.9,77.4,70.78,89.02,17787.2
6/30/2016,95.6,60.76,129.87,75.81,28.69,104.83,97.82,33.4201,148.58,127.69,151.78,32.8,121.3,62.14,45.33,120.34,175.12,57.61,51.17,55.2,35.21,84.67,119.04,141.2,102.55,74.17,55.84,83.27,73.02,93.74,17929.99
7/29/2016,104.21,64.46,133.66,82.76,30.53,102.48,95.95,36.0824,158.81,138.24,160.62,34.86,125.23,63.97,43.63,117.65,178.36,58.66,56.68,55.5,36.89,85.59,116.22,143.2,107.65,78.05,55.41,79.25,72.97,88.95,18432.24
8/31/2016,106.1,65.58,129.45,81.95,31.44,100.58,94.46,36.0623,169.46,134.12,158.88,35.89,119.34,67.5,43.43,115.66,179.24,62.79,57.46,57.64,34.8,87.31,118.71,136.05,106.43,80.9,52.33,80.71,71.44,87.14,18400.88
9/30/2016,113.05,64.04,131.74,88.77,31.72,102.92,92.86,34.8454,161.27,128.68,158.85,37.75,118.13,66.59,42.32,115.36,176.23,62.41,57.6,52.65,33.87,89.75,114.55,140,101.6,82.7,51.98,80.62,72.12,87.28,18308.15
10/31/2016,113.54,66.42,142.43,83.46,30.68,104.75,92.69,36.1766,178.24,122.01,153.69,34.87,115.99,69.26,42.4,112.57,165.3,58.72,59.92,50.18,31.71,86.8,108.18,141.33,102.2,82.51,48.1,82.73,70.02,83.32,18142.42
11/30/2016,110.52,72.04,150.56,95.56,29.82,111.56,99.12,37.4607,219.29,129.4,162.22,34.7,111.3,80.17,40.35,119.27,171.74,61.19,60.26,50.07,32.14,82.46,113.35,158.32,107.72,77.32,49.9,84.73,70.43,87.3,19123.58
12/30/2016,115.82,74.08,155.68,92.74,30.22,117.7,104.22,38.4691,239.45,134.08,165.99,36.27,115.21,86.29,41.46,121.72,178.57,58.87,62.14,50.83,32.48,84.08,122.42,160.04,109.62,78.02,53.38,82.76,69.12,90.26,19762.6
1/31/2017,121.35,76.38,163.42,95.66,30.72,111.35,110.65,40.0894,229.32,137.58,174.52,36.82,113.25,84.63,41.57,122.57,174.82,61.99,64.65,52.9,31.73,87.6,117.78,162.1,109.67,82.71,49.01,81.94,66.74,83.89,19864.09
2/28/2017,136.99,80.06,180.23,96.66,34.18,112.5,110.09,41.8575,248.06,144.91,179.82,36.2,122.21,90.62,41.96,127.65,186.35,65.87,63.98,57.16,34.12,91.07,122.24,165.38,112.55,87.94,49.63,86.38,70.93,81.32,20812.24
3/31/2017,143.66,79.11,176.86,92.76,33.8,107.37,113.39,42.7181,229.72,146.83,174.14,36.07,124.55,87.84,42.44,129.61,191.33,63.54,65.86,55.73,34.21,89.85,120.54,164.01,112.21,88.87,48.75,83.05,72.08,82.01,20663.22
4/28/2017,143.65,79.25,184.83,102.26,34.07,106.7,115.6,42.2206,223.8,156.1,160.29,36.15,123.47,87,43.15,139.93,195.83,62.33,68.46,55.41,33.92,87.33,121.66,174.88,118.99,91.22,45.91,86.54,75.18,81.65,20940.51
5/31/2017,152.76,76.94,187.63,105.43,31.53,103.48,107.94,41.6558,211.26,153.51,152.63,36.11,128.25,82.15,45.47,150.89,204.47,65.11,69.84,52.99,32.65,88.09,124.85,175.18,121.28,95.23,46.64,81.02,78.6,80.5,21008.65
6/30/2017,144.02,84.24,197.75,107.46,31.3,104.33,106.25,42.4021,221.9,153.4,153.83,33.74,132.29,91.4,44.85,153.16,208.19,64.09,68.93,59,33.59,87.15,126.53,185.42,122.11,93.78,44.66,78.31,75.68,80.73,21349.63
7/31/2017,148.73,85.23,242.46,113.95,31.45,109.19,109.93,43.1887,225.33,149.6,144.67,35.47,132.72,91.8,45.84,155.14,201.17,63.88,72.7,59.05,33.16,90.82,128.09,191.81,118.57,99.56,48.4,80.67,79.99,80.04,21891.12
8/31/2017,164,86.1,239.66,117.49,32.21,107.62,101.2,44.8089,223.74,149.87,143.03,35.07,132.37,90.89,45.55,159.97,204.32,63.86,74.77,52.81,33.92,92.27,121.18,198.9,119.72,103.52,47.97,81.5,78.07,76.33,21948.1
9/29/2017,154.12,90.46,254.21,124.71,33.63,117.5,98.57,46.5435,237.19,163.56,145.08,38.08,130.01,95.51,45.01,156.68,209.9,64.03,74.49,51.85,35.7,90.98,122.52,195.85,116.08,105.24,49.49,77.22,78.14,81.98,22405.09
10/31/2017,169.04,95.52,257.98,135.8,34.15,115.89,97.81,48.6141,242.48,165.78,154.06,45.49,139.41,100.61,45.98,166.91,230.19,55.09,83.18,54.99,35.06,86.34,132.45,210.22,119.76,109.98,47.87,66.27,87.31,83.35,23377.24
11/30/2017,171.85,97.71,276.8,141.15,37.3,118.99,104.82,48.3788,247.64,179.82,153.97,44.84,139.33,104.52,45.77,171.97,243.14,55.27,84.17,60.42,36.26,89.99,135.57,228.17,121.45,112.59,50.89,72.76,97.23,83.29,24272.35
12/29/2017,169.23,99.31,294.91,157.58,38.3,125.19,107.51,47.8813,254.76,189.53,153.42,46.16,139.72,106.94,45.88,172.12,235.37,56.27,85.54,62.55,36.22,91.88,135.64,220.46,127.57,114.02,52.93,72.62,98.75,83.64,24719.22
1/31/2018,167.43,99.4,354.37,162.78,41.54,125.35,108.67,50.8126,267.89,200.9,163.7,48.14,138.19,115.67,47.59,171.14,250.5,59.25,95.01,68.22,37.04,86.34,149.92,236.78,138.01,124.23,54.07,75.26,106.6,87.3,26149.39
2/28/2018,178.12,97.51,362.21,154.63,44.78,111.92,103.16,47.2628,262.93,182.27,155.83,49.29,129.88,115.5,43.22,157.74,235.51,54.22,93.77,67.03,36.31,78.52,139,226.16,134.74,122.94,47.74,68.89,90.01,75.74,25029.2
3/30/2018,167.78,93.28,327.88,147.38,42.89,114.04,100.44,42.8323,251.86,178.24,153.43,52.08,128.15,109.97,43.43,156.38,219.52,54.47,91.27,66.44,35.49,79.28,138.86,214,125.82,119.62,47.82,65.47,88.97,74.61,24103.11
4/30/2018,165.26,98.75,333.56,144.36,44.29,125.11,100.33,42.5164,238.33,184.8,144.96,51.62,126.49,108.78,43.21,167.44,194.39,58.87,93.52,68.39,36.61,72.34,131.6,236.4,120.15,126.88,49.35,66.45,88.46,77.75,24163.15
5/31/2018,186.87,98.3,352.16,151.91,42.71,124.3,99.47,43.1013,225.88,186.55,141.31,55.2,119.62,107.01,43,160.01,197.23,59.53,98.84,71.8,35.93,73.17,128.52,241.51,124.82,130.72,47.67,62.39,82.54,81.24,24415.84
6/29/2018,185.11,98,335.51,135.67,43.03,126.43,104.81,44.3181,220.57,195.1,139.7,49.71,121.34,104.2,43.86,156.69,196.72,60.7,98.61,79.68,36.28,78.06,122.34,245.34,125.03,132.45,50.31,60.015,85.65,82.73,24271.41
7/31/2018,190.29,99.52,356.3,143.8,42.29,126.27,113.56,46.2342,237.43,197.52,144.93,48.1,132.52,114.95,46.63,157.54,212.32,65.87,106.08,76.91,39.93,80.88,130.14,253.22,135.74,136.74,51.64,67.62,89.23,81.51,25415.19
8/31/2018,227.63,105.98,342.79,138.85,47.77,118.46,112.02,47.1485,237.81,200.77,146.48,48.43,134.69,114.58,44.57,162.23,210.92,68.59,112.33,82.2,41.52,82.95,131.6,268.46,131.7,146.89,54.37,68.56,95.86,80.17,25964.82
9/28/2018,225.74,106.49,371.9,152.49,48.65,122.28,116.94,43.2357,224.24,207.15,151.21,47.29,138.17,112.84,46.19,167.29,210.71,70.94,114.37,84.72,44.07,83.23,129.71,266.04,139.81,150.09,53.39,72.9,93.91,85.02,26458.31
10/31/2018,218.86,102.73,354.86,121.32,45.75,111.65,114.83,36.2505,225.37,175.88,115.43,46.88,139.99,109.02,47.88,176.9,190.26,73.61,106.81,75.04,43.06,88.68,125.13,261.35,124.21,137.85,57.09,79.77,100.28,79.68,25115.76
11/30/2018,178.58,112.27,346.76,135.67,47.87,118.94,115.49,38.8927,190.69,180.32,124.27,49.31,146.9,111.19,50.4,188.51,207.92,79.34,110.89,75.12,46.23,94.51,130.37,281.36,121.84,141.71,60.3,84.67,97.65,79.5,25538.46
12/31/2018,157.74,95.32,322.5,127.07,43.33,108.79,109.65,35.9547,167.05,171.82,113.67,46.93,129.05,97.62,47.35,177.57,190.54,76.41,101.57,74.14,43.65,91.92,119.75,249.12,106.48,131.94,56.22,68.33,93.15,68.19,23327.46
